-- phpMyAdmin SQL Dump
-- version 5.2.2
-- https://www.phpmyadmin.net/
--
-- Servidor: mariadb
-- Tiempo de generación: 22-04-2026 a las 02:07:41
-- Versión del servidor: 12.0.2-MariaDB-ubu2404
-- Versión de PHP: 8.2.29

SET FOREIGN_KEY_CHECKS=0;
SET SQL_MODE = "NO_AUTO_VALUE_ON_ZERO";
SET time_zone = "+00:00";


/*!40101 SET @OLD_CHARACTER_SET_CLIENT=@@CHARACTER_SET_CLIENT */;
/*!40101 SET @OLD_CHARACTER_SET_RESULTS=@@CHARACTER_SET_RESULTS */;
/*!40101 SET @OLD_COLLATION_CONNECTION=@@COLLATION_CONNECTION */;
/*!40101 SET NAMES utf8mb4 */;

--
-- Base de datos: `sistemaconfirmacionapi`
--

-- --------------------------------------------------------

--
-- Estructura de tabla para la tabla `apoderados`
--

--
-- Volcado de datos para la tabla `apoderados`
--

INSERT INTO `apoderados` (`id`, `nombres`, `apellidos`, `celular`, `created_at`, `updated_at`) VALUES
(101, 'María', 'Viera González', '925230567', '2026-04-20 15:17:40', '2026-04-20 15:17:40'),
(102, 'Luz', 'del Carmen', '918671475', '2026-04-20 15:18:37', '2026-04-20 15:18:37'),
(103, 'Luis Enrique', 'Berrú', '966267396', '2026-04-20 15:19:32', '2026-04-20 15:19:32'),
(104, 'Sandro', 'Alvares Maza', '952515056', '2026-04-20 15:21:50', '2026-04-20 15:21:50'),
(105, 'Elidia', 'García Montalvan', '962701709', '2026-04-20 15:23:51', '2026-04-20 15:23:51'),
(106, 'Ana María', 'Benavides', '996073280', '2026-04-20 16:15:55', '2026-04-20 16:15:55'),
(107, 'Eylin', 'Lozada León', '956373597', '2026-04-20 16:17:39', '2026-04-20 16:17:39'),
(108, 'Milagros', 'Sánchez Tocto', '923566841', '2026-04-20 16:19:20', '2026-04-20 16:19:20'),
(109, 'Jose', 'Quino Quevedo', '920353211', '2026-04-20 16:20:21', '2026-04-20 16:20:21'),
(110, 'Lindaura', 'Facundo', '917675601', '2026-04-20 16:21:08', '2026-04-20 16:21:08'),
(111, 'Monica', 'del Pilar', '992917730', '2026-04-20 16:21:59', '2026-04-20 16:21:59'),
(112, 'Luz María', 'Abad', NULL, '2026-04-20 16:23:55', '2026-04-20 16:23:55'),
(113, 'Ivan', 'Alvarez Laban', '976173713', '2026-04-20 16:30:17', '2026-04-20 16:30:17'),
(114, 'Jessica', 'Sánchez Cruz', '990596795', '2026-04-20 16:31:18', '2026-04-20 16:31:18'),
(115, 'Manuel Ricardo', 'Echevarria Arellano', '944691026', '2026-04-20 16:32:55', '2026-04-20 16:32:55'),
(116, 'Jesus Maria', 'León Medina', '968970341', '2026-04-20 16:33:49', '2026-04-20 16:33:49'),
(117, 'Juan Carlos', 'Lachira Lachira', '964597049', '2026-04-20 16:34:49', '2026-04-20 16:34:49'),
(118, 'Rocio', 'Cordova Zurita', '969912229', '2026-04-20 16:36:43', '2026-04-20 16:36:43'),
(119, 'Nelida', 'Chanta Lizana', '988678641', '2026-04-20 16:42:16', '2026-04-20 16:42:16'),
(120, 'Johana Nataly', 'Sosa Terrones', '901567501', '2026-04-20 16:43:47', '2026-04-20 16:43:47'),
(121, 'Tomas', 'Ruiz', '984950366', '2026-04-20 16:44:35', '2026-04-20 16:44:35'),
(122, 'Reyna', 'Ocupa Ocupa', '988569688', '2026-04-20 16:45:23', '2026-04-20 16:45:23'),
(123, 'Frasenca', 'Quinde', '969111551', '2026-04-20 17:10:00', '2026-04-20 17:10:00'),
(124, 'Nery', 'Teodora', '939069568', '2026-04-20 17:18:56', '2026-04-20 17:18:56'),
(125, 'Estefany', 'chira', '939060568', '2026-04-20 20:07:01', '2026-04-20 20:07:01'),
(126, 'Brenda Lorena', 'Sánchez Nuñez', '969916424', '2026-04-20 20:08:12', '2026-04-20 20:08:12'),
(127, 'Katerine', 'Toribio Ubillus', '913474877', '2026-04-20 20:10:34', '2026-04-20 20:10:34'),
(128, 'Maria', 'Peña Guerrero', '925615513', '2026-04-20 20:14:01', '2026-04-20 20:14:01'),
(129, 'Sandra', 'Tripul Cordova', '980534335', '2026-04-20 20:15:15', '2026-04-20 20:15:15'),
(130, 'Santos', 'Cherres Suarez', '917349060', '2026-04-20 20:17:15', '2026-04-20 20:17:15'),
(131, 'Esther', 'Nima Palacios', '995214761', '2026-04-20 20:19:04', '2026-04-20 20:19:04'),
(132, 'Segunda', 'Vilchez', '985593400', '2026-04-21 12:14:40', '2026-04-21 12:14:40'),
(133, 'Rosa', 'Laban Peña', '916801944', '2026-04-21 12:15:51', '2026-04-21 12:15:51'),
(134, 'Cinthia', 'Sosa', '977345328', '2026-04-21 12:16:47', '2026-04-21 12:16:47'),
(135, 'Deysi', 'Pulache Ancajima', '968916170', '2026-04-21 12:38:51', '2026-04-21 12:38:51'),
(136, 'Carin', 'Tineo monja', '961243295', '2026-04-21 12:40:29', '2026-04-21 12:40:29'),
(137, 'María Isabel', 'Salvador', NULL, '2026-04-21 12:42:09', '2026-04-21 12:42:09'),
(138, 'Marco', 'Martin moscol', '935871557', '2026-04-21 12:43:51', '2026-04-21 12:43:51'),
(139, 'Arturo', 'Ramirez', '986401840', '2026-04-21 12:45:53', '2026-04-21 12:45:53'),
(140, 'Ancelma', 'Bereche', '991181908', '2026-04-21 12:48:52', '2026-04-21 12:48:52'),
(141, 'Mati', 'Juarez Espinoza', '917334571', '2026-04-21 12:50:09', '2026-04-21 12:50:09'),
(142, 'Yesica', 'Amaya Vilela', '953987262', '2026-04-21 12:51:50', '2026-04-21 12:51:50'),
(143, 'Cecilia', 'Chinguel Huancas', '969258881', '2026-04-21 12:53:46', '2026-04-21 12:53:46'),
(144, 'María', 'Tocto', '920668250', '2026-04-21 12:55:16', '2026-04-21 12:55:16'),
(145, 'Ivan', 'Carchuancho', '948899597', '2026-04-21 13:11:42', '2026-04-21 13:11:42'),
(146, 'Mirella', 'Sernaqué', '968815998', '2026-04-21 13:12:54', '2026-04-21 13:12:54'),
(147, 'Iván', 'Cruz More', '997823964', '2026-04-21 13:15:29', '2026-04-21 13:15:29'),
(148, 'Armiba', 'Sánchez', '974385645', '2026-04-21 13:16:40', '2026-04-21 13:16:40'),
(149, 'Maribel', 'Tabrade', '949608667', '2026-04-21 13:17:59', '2026-04-21 13:17:59'),
(150, 'Kary', 'Morales', '938694720', '2026-04-21 13:21:45', '2026-04-21 13:21:45'),
(151, 'Graciela', 'Socorro', '938694720', '2026-04-21 13:23:34', '2026-04-21 13:23:34'),
(152, 'Eduar', 'Ruiz', '933827227', '2026-04-21 13:24:53', '2026-04-21 13:24:53'),
(153, 'Rodolfo', 'Sánchez', '937668210', '2026-04-21 13:25:55', '2026-04-21 13:25:55'),
(154, 'Esmeralda Sivel', 'Tavara', '966477882', '2026-04-21 13:26:51', '2026-04-21 13:26:51'),
(155, 'Martin', 'Cordova', '969739008', '2026-04-21 13:30:48', '2026-04-21 13:30:48'),
(156, 'Mariela', 'Requejo', '993920069', '2026-04-21 13:31:35', '2026-04-21 13:31:35'),
(157, 'Janet', 'Calle', '946616042', '2026-04-21 13:32:30', '2026-04-21 13:32:30'),
(158, 'Dolas Apaulo', 'Aparicio', '990686110', '2026-04-21 13:34:36', '2026-04-21 13:34:36'),
(159, 'Esther', 'Otero', '977266415', '2026-04-21 13:35:29', '2026-04-21 13:35:29'),
(160, 'Yesenia', 'Vilela', '947419151', '2026-04-21 13:36:25', '2026-04-21 13:36:25'),
(161, 'Karina Magally', 'Ordóñez', '959586907', '2026-04-21 13:37:49', '2026-04-21 13:37:49'),
(162, 'Deysi', 'Carraso', '937587108', '2026-04-21 13:38:45', '2026-04-21 13:38:45'),
(163, 'Fiorela', 'Timana', '934124062', '2026-04-21 13:39:42', '2026-04-21 13:39:42'),
(164, 'Hernan', 'Pasapera', '997170241', '2026-04-21 13:40:20', '2026-04-21 13:40:20'),
(165, 'Esperanza', 'Atoche', '959575999', '2026-04-21 13:41:17', '2026-04-21 13:41:17'),
(166, 'Marlene', 'Santos', '953747688', '2026-04-21 13:42:18', '2026-04-21 13:42:18'),
(167, 'Luis', 'Bermeo', '940861563', '2026-04-21 13:56:31', '2026-04-21 13:56:31'),
(168, 'Luis Enrrique', 'Berru Seminario', '966276396', '2026-04-21 13:59:54', '2026-04-21 13:59:54'),
(169, 'Luz del Carmen', 'Villa', '918671475', '2026-04-21 14:06:26', '2026-04-21 14:06:26'),
(170, 'Monica del Pilar', 'Mogollón', '992917730', '2026-04-21 14:07:06', '2026-04-21 14:07:06'),
(171, 'Andrés', 'Berru Alvarado', '959791706', '2026-04-21 14:08:44', '2026-04-21 14:08:44'),
(172, 'Alexia', 'Antón', '965767745', '2026-04-21 16:22:34', '2026-04-21 16:22:34');

-- --------------------------------------------------------

--
-- Estructura de tabla para la tabla `asistencia`
--

--
-- Volcado de datos para la tabla `asistencia`
--

INSERT INTO `asistencia` (`id`, `reunion_id`, `estado`, `asistente_type`, `asistente_id`, `nota`, `created_at`, `updated_at`) VALUES
(47, 16, 'tardanza', 'App\\Models\\User', 19, NULL, '2026-04-19 00:07:55', '2026-04-19 00:07:55'),
(48, 16, 'tardanza', 'App\\Models\\User', 10, NULL, '2026-04-19 00:07:55', '2026-04-19 00:07:55'),
(49, 16, 'falta justificada', 'App\\Models\\User', 4, 'Universidad', '2026-04-19 00:07:55', '2026-04-19 00:07:55'),
(50, 16, 'asistio', 'App\\Models\\User', 9, NULL, '2026-04-19 00:07:55', '2026-04-19 00:07:55'),
(51, 16, 'falta justificada', 'App\\Models\\User', 20, 'Trabajo', '2026-04-19 00:07:55', '2026-04-19 00:07:55'),
(52, 16, 'asistio', 'App\\Models\\User', 2, NULL, '2026-04-19 00:07:55', '2026-04-19 00:07:55'),
(53, 16, 'asistio', 'App\\Models\\User', 15, NULL, '2026-04-19 00:07:55', '2026-04-19 00:07:55'),
(54, 16, 'tardanza', 'App\\Models\\User', 12, NULL, '2026-04-19 00:07:55', '2026-04-19 00:07:55'),
(55, 16, 'tardanza', 'App\\Models\\User', 5, NULL, '2026-04-19 00:07:56', '2026-04-19 00:07:56'),
(56, 16, 'asistio', 'App\\Models\\User', 18, NULL, '2026-04-19 00:07:56', '2026-04-19 00:07:56'),
(57, 16, 'tardanza', 'App\\Models\\User', 13, NULL, '2026-04-19 00:07:56', '2026-04-19 00:07:56'),
(58, 16, 'asistio', 'App\\Models\\User', 11, NULL, '2026-04-19 00:07:56', '2026-04-19 00:07:56'),
(59, 16, 'tardanza', 'App\\Models\\User', 17, NULL, '2026-04-19 00:07:56', '2026-04-19 00:07:56'),
(60, 16, 'asistio', 'App\\Models\\User', 14, NULL, '2026-04-19 00:07:56', '2026-04-19 00:07:56'),
(61, 16, 'tardanza', 'App\\Models\\User', 16, NULL, '2026-04-19 00:07:56', '2026-04-19 00:07:56');

-- --------------------------------------------------------

--
-- Estructura de tabla para la tabla `cache`
--

--
-- Volcado de datos para la tabla `cache`
--

INSERT INTO `cache` (`key`, `value`, `expiration`) VALUES
('laravel-cache-spatie.permission.cache', 'a:3:{s:5:\"alias\";a:4:{s:1:\"a\";s:2:\"id\";s:1:\"b\";s:4:\"name\";s:1:\"c\";s:10:\"guard_name\";s:1:\"r\";s:5:\"roles\";}s:11:\"permissions\";a:49:{i:0;a:4:{s:1:\"a\";i:1;s:1:\"b\";s:13:\"ver dashboard\";s:1:\"c\";s:3:\"api\";s:1:\"r\";a:3:{i:0;i:1;i:1;i:2;i:2;i:3;}}i:1;a:4:{s:1:\"a\";i:2;s:1:\"b\";s:12:\"ver usuarios\";s:1:\"c\";s:3:\"api\";s:1:\"r\";a:2:{i:0;i:1;i:1;i:2;}}i:2;a:4:{s:1:\"a\";i:3;s:1:\"b\";s:14:\"crear usuarios\";s:1:\"c\";s:3:\"api\";s:1:\"r\";a:1:{i:0;i:1;}}i:3;a:4:{s:1:\"a\";i:4;s:1:\"b\";s:15:\"editar usuarios\";s:1:\"c\";s:3:\"api\";s:1:\"r\";a:1:{i:0;i:1;}}i:4;a:4:{s:1:\"a\";i:5;s:1:\"b\";s:17:\"eliminar usuarios\";s:1:\"c\";s:3:\"api\";s:1:\"r\";a:1:{i:0;i:1;}}i:5;a:4:{s:1:\"a\";i:6;s:1:\"b\";s:9:\"ver roles\";s:1:\"c\";s:3:\"api\";s:1:\"r\";a:1:{i:0;i:1;}}i:6;a:4:{s:1:\"a\";i:7;s:1:\"b\";s:11:\"crear roles\";s:1:\"c\";s:3:\"api\";s:1:\"r\";a:1:{i:0;i:1;}}i:7;a:4:{s:1:\"a\";i:8;s:1:\"b\";s:12:\"editar roles\";s:1:\"c\";s:3:\"api\";s:1:\"r\";a:1:{i:0;i:1;}}i:8;a:4:{s:1:\"a\";i:9;s:1:\"b\";s:14:\"eliminar roles\";s:1:\"c\";s:3:\"api\";s:1:\"r\";a:1:{i:0;i:1;}}i:9;a:4:{s:1:\"a\";i:10;s:1:\"b\";s:12:\"ver permisos\";s:1:\"c\";s:3:\"api\";s:1:\"r\";a:1:{i:0;i:1;}}i:10;a:4:{s:1:\"a\";i:11;s:1:\"b\";s:16:\"asignar permisos\";s:1:\"c\";s:3:\"api\";s:1:\"r\";a:1:{i:0;i:1;}}i:11;a:4:{s:1:\"a\";i:12;s:1:\"b\";s:10:\"ver grupos\";s:1:\"c\";s:3:\"api\";s:1:\"r\";a:3:{i:0;i:1;i:1;i:2;i:2;i:3;}}i:12;a:4:{s:1:\"a\";i:13;s:1:\"b\";s:20:\"ver todos los grupos\";s:1:\"c\";s:3:\"api\";s:1:\"r\";a:2:{i:0;i:1;i:1;i:2;}}i:13;a:4:{s:1:\"a\";i:14;s:1:\"b\";s:12:\"crear grupos\";s:1:\"c\";s:3:\"api\";s:1:\"r\";a:2:{i:0;i:1;i:1;i:2;}}i:14;a:4:{s:1:\"a\";i:15;s:1:\"b\";s:13:\"editar grupos\";s:1:\"c\";s:3:\"api\";s:1:\"r\";a:2:{i:0;i:1;i:1;i:2;}}i:15;a:4:{s:1:\"a\";i:16;s:1:\"b\";s:15:\"eliminar grupos\";s:1:\"c\";s:3:\"api\";s:1:\"r\";a:2:{i:0;i:1;i:1;i:2;}}i:16;a:4:{s:1:\"a\";i:17;s:1:\"b\";s:18:\"asignar catequista\";s:1:\"c\";s:3:\"api\";s:1:\"r\";a:2:{i:0;i:1;i:1;i:2;}}i:17;a:4:{s:1:\"a\";i:18;s:1:\"b\";s:15:\"ver catequistas\";s:1:\"c\";s:3:\"api\";s:1:\"r\";a:2:{i:0;i:1;i:1;i:3;}}i:18;a:4:{s:1:\"a\";i:19;s:1:\"b\";s:20:\"asignar confirmandos\";s:1:\"c\";s:3:\"api\";s:1:\"r\";a:2:{i:0;i:1;i:1;i:2;}}i:19;a:4:{s:1:\"a\";i:20;s:1:\"b\";s:16:\"ver confirmandos\";s:1:\"c\";s:3:\"api\";s:1:\"r\";a:3:{i:0;i:1;i:1;i:2;i:2;i:3;}}i:20;a:4:{s:1:\"a\";i:21;s:1:\"b\";s:26:\"ver todos los confirmandos\";s:1:\"c\";s:3:\"api\";s:1:\"r\";a:2:{i:0;i:1;i:1;i:2;}}i:21;a:4:{s:1:\"a\";i:22;s:1:\"b\";s:18:\"crear confirmandos\";s:1:\"c\";s:3:\"api\";s:1:\"r\";a:2:{i:0;i:1;i:1;i:2;}}i:22;a:4:{s:1:\"a\";i:23;s:1:\"b\";s:19:\"editar confirmandos\";s:1:\"c\";s:3:\"api\";s:1:\"r\";a:2:{i:0;i:1;i:1;i:2;}}i:23;a:4:{s:1:\"a\";i:24;s:1:\"b\";s:21:\"eliminar confirmandos\";s:1:\"c\";s:3:\"api\";s:1:\"r\";a:2:{i:0;i:1;i:1;i:2;}}i:24;a:4:{s:1:\"a\";i:25;s:1:\"b\";s:14:\"ver cronograma\";s:1:\"c\";s:3:\"api\";s:1:\"r\";a:3:{i:0;i:1;i:1;i:2;i:2;i:3;}}i:25;a:4:{s:1:\"a\";i:26;s:1:\"b\";s:16:\"crear cronograma\";s:1:\"c\";s:3:\"api\";s:1:\"r\";a:2:{i:0;i:1;i:1;i:2;}}i:26;a:4:{s:1:\"a\";i:27;s:1:\"b\";s:17:\"editar cronograma\";s:1:\"c\";s:3:\"api\";s:1:\"r\";a:2:{i:0;i:1;i:1;i:2;}}i:27;a:4:{s:1:\"a\";i:28;s:1:\"b\";s:19:\"eliminar cronograma\";s:1:\"c\";s:3:\"api\";s:1:\"r\";a:2:{i:0;i:1;i:1;i:2;}}i:28;a:4:{s:1:\"a\";i:29;s:1:\"b\";s:15:\"ver asistencias\";s:1:\"c\";s:3:\"api\";s:1:\"r\";a:3:{i:0;i:1;i:1;i:2;i:2;i:3;}}i:29;a:4:{s:1:\"a\";i:30;s:1:\"b\";s:17:\"crear asistencias\";s:1:\"c\";s:3:\"api\";s:1:\"r\";a:1:{i:0;i:1;}}i:30;a:4:{s:1:\"a\";i:31;s:1:\"b\";s:18:\"editar asistencias\";s:1:\"c\";s:3:\"api\";s:1:\"r\";a:2:{i:0;i:1;i:1;i:2;}}i:31;a:4:{s:1:\"a\";i:32;s:1:\"b\";s:19:\"guardar asistencias\";s:1:\"c\";s:3:\"api\";s:1:\"r\";a:2:{i:0;i:1;i:1;i:3;}}i:32;a:4:{s:1:\"a\";i:33;s:1:\"b\";s:25:\"ver todas las asistencias\";s:1:\"c\";s:3:\"api\";s:1:\"r\";a:2:{i:0;i:1;i:1;i:2;}}i:33;a:4:{s:1:\"a\";i:34;s:1:\"b\";s:15:\"ver sacramentos\";s:1:\"c\";s:3:\"api\";s:1:\"r\";a:2:{i:0;i:1;i:1;i:2;}}i:34;a:4:{s:1:\"a\";i:35;s:1:\"b\";s:25:\"ver todos los sacramentos\";s:1:\"c\";s:3:\"api\";s:1:\"r\";a:2:{i:0;i:1;i:1;i:2;}}i:35;a:4:{s:1:\"a\";i:36;s:1:\"b\";s:17:\"crear sacramentos\";s:1:\"c\";s:3:\"api\";s:1:\"r\";a:2:{i:0;i:1;i:1;i:2;}}i:36;a:4:{s:1:\"a\";i:37;s:1:\"b\";s:18:\"editar sacramentos\";s:1:\"c\";s:3:\"api\";s:1:\"r\";a:2:{i:0;i:1;i:1;i:2;}}i:37;a:4:{s:1:\"a\";i:38;s:1:\"b\";s:20:\"eliminar sacramentos\";s:1:\"c\";s:3:\"api\";s:1:\"r\";a:2:{i:0;i:1;i:1;i:2;}}i:38;a:4:{s:1:\"a\";i:39;s:1:\"b\";s:14:\"ver requisitos\";s:1:\"c\";s:3:\"api\";s:1:\"r\";a:3:{i:0;i:1;i:1;i:2;i:2;i:3;}}i:39;a:4:{s:1:\"a\";i:40;s:1:\"b\";s:24:\"ver todos los requisitos\";s:1:\"c\";s:3:\"api\";s:1:\"r\";a:2:{i:0;i:1;i:1;i:2;}}i:40;a:4:{s:1:\"a\";i:41;s:1:\"b\";s:17:\"editar requisitos\";s:1:\"c\";s:3:\"api\";s:1:\"r\";a:2:{i:0;i:1;i:1;i:2;}}i:41;a:4:{s:1:\"a\";i:42;s:1:\"b\";s:16:\"crear requisitos\";s:1:\"c\";s:3:\"api\";s:1:\"r\";a:2:{i:0;i:1;i:1;i:2;}}i:42;a:4:{s:1:\"a\";i:43;s:1:\"b\";s:19:\"eliminar requisitos\";s:1:\"c\";s:3:\"api\";s:1:\"r\";a:2:{i:0;i:1;i:1;i:2;}}i:43;a:4:{s:1:\"a\";i:44;s:1:\"b\";s:18:\"validar requisitos\";s:1:\"c\";s:3:\"api\";s:1:\"r\";a:2:{i:0;i:1;i:1;i:2;}}i:44;a:4:{s:1:\"a\";i:45;s:1:\"b\";s:16:\"generar reportes\";s:1:\"c\";s:3:\"api\";s:1:\"r\";a:2:{i:0;i:1;i:1;i:2;}}i:45;a:4:{s:1:\"a\";i:46;s:1:\"b\";s:17:\"exportar reportes\";s:1:\"c\";s:3:\"api\";s:1:\"r\";a:2:{i:0;i:1;i:1;i:2;}}i:46;a:4:{s:1:\"a\";i:47;s:1:\"b\";s:17:\"ver mantenimiento\";s:1:\"c\";s:3:\"api\";s:1:\"r\";a:1:{i:0;i:1;}}i:47;a:4:{s:1:\"a\";i:48;s:1:\"b\";s:14:\"crear respaldo\";s:1:\"c\";s:3:\"api\";s:1:\"r\";a:1:{i:0;i:1;}}i:48;a:4:{s:1:\"a\";i:49;s:1:\"b\";s:18:\"restaurar respaldo\";s:1:\"c\";s:3:\"api\";s:1:\"r\";a:1:{i:0;i:1;}}}s:5:\"roles\";a:3:{i:0;a:3:{s:1:\"a\";i:1;s:1:\"b\";s:11:\"super-admin\";s:1:\"c\";s:3:\"api\";}i:1;a:3:{s:1:\"a\";i:2;s:1:\"b\";s:11:\"coordinador\";s:1:\"c\";s:3:\"api\";}i:2;a:3:{s:1:\"a\";i:3;s:1:\"b\";s:10:\"catequista\";s:1:\"c\";s:3:\"api\";}}}', 1776890855);

-- --------------------------------------------------------

--

-- Volcado de datos para la tabla `confirmandos`
--

INSERT INTO `confirmandos` (`id`, `nombres`, `apellidos`, `celular`, `genero`, `fecha_nacimiento`, `grupo_id`, `estado`, `created_at`, `updated_at`) VALUES
(61, 'KEVIN ALEJANDRO', 'MORALES BERECHE', '951373772', 'm', '2011-04-08', 7, 'en_preparacion', '2026-04-16 16:00:54', '2026-04-21 12:43:51'),
(62, 'DARIAN ENRRIQUE', 'PORTAL SANCHEZ', '992135168', 'm', '2009-11-07', 8, 'en_preparacion', '2026-04-16 16:00:54', '2026-04-20 16:19:20'),
(63, 'SANTOS ERNESTO', 'REYES MONTALBAN', '914387379', 'm', NULL, 9, 'en_preparacion', '2026-04-16 16:00:54', '2026-04-18 15:24:43'),
(64, 'YEISER MANUEL', 'PINGO NIMA', '949425824', 'm', NULL, 10, 'en_preparacion', '2026-04-16 16:00:54', '2026-04-20 20:19:04'),
(65, 'JOSUE', 'VILELA TAVARA', NULL, 'm', NULL, 11, 'en_preparacion', '2026-04-16 16:00:54', '2026-04-21 13:26:51'),
(66, 'RODRIGO', 'SOLIS AYALA', '920571947', 'm', '2010-10-28', 7, 'en_preparacion', '2026-04-16 16:00:55', '2026-04-21 12:51:50'),
(67, 'JHORDIN ESNAIDER', 'CORDOVA CORDOVA', '991532541', 'm', NULL, 12, 'en_preparacion', '2026-04-16 16:00:55', '2026-04-21 13:30:48'),
(68, 'ALFIO DAVID', 'ECHEVARRIA BERMEO', '924999816', 'm', '2011-12-29', 9, 'en_preparacion', '2026-04-16 16:00:55', '2026-04-20 16:32:55'),
(69, 'GONZALO EDUARDO', 'DAMIAN REQUEJO', '962250224', 'm', NULL, 12, 'en_preparacion', '2026-04-16 16:00:55', '2026-04-21 13:31:35'),
(70, 'DIEGO ALONSO', 'CARHUANCHO HUANCAS', '998320221', 'm', NULL, 11, 'en_preparacion', '2026-04-16 16:00:55', '2026-04-21 13:11:42'),
(71, 'FRANK HILDER', 'CHINGUEL HUAMAN', '944630300', 'm', NULL, 12, 'en_preparacion', '2026-04-16 16:00:55', '2026-04-18 15:26:46'),
(72, 'ESMERALDA', 'SALCEDO PINTADO', '902094869', 'f', NULL, 7, 'en_preparacion', '2026-04-16 16:00:55', '2026-04-18 15:26:20'),
(73, 'YOSHIMAR YAMPOL', 'GIL GARCIA', '945945314', 'm', '2011-09-14', 8, 'en_preparacion', '2026-04-16 16:00:55', '2026-04-20 15:23:51'),
(74, 'MARITA LISBET', 'GIL GARCIA', '962701709', 'f', '2008-12-06', 8, 'en_preparacion', '2026-04-16 16:00:55', '2026-04-20 16:13:00'),
(75, 'JUNIOR DAVID', 'TEZEN ATOCHE', '979495356', 'm', NULL, 12, 'en_preparacion', '2026-04-16 16:00:55', '2026-04-21 13:41:17'),
(76, 'LUIS EDUARDO', 'AZCARATE QUINDE', '919745492', 'm', NULL, 10, 'en_preparacion', '2026-04-16 16:00:55', '2026-04-20 17:08:35'),
(77, 'JESUS RODOLFO', 'SANCHEZ CRUZ', '952160262', 'm', NULL, 11, 'en_preparacion', '2026-04-16 16:00:55', '2026-04-21 13:25:55'),
(78, 'DARIANA ROSEMARY', 'ANTON SANCHEZ', '941192327', 'f', '2009-10-24', 9, 'en_preparacion', '2026-04-16 16:00:55', '2026-04-20 16:31:18'),
(79, 'ALDAIR VALERIO', 'BERRU ALAMA', '956072267', 'm', '2011-11-04', 7, 'en_preparacion', '2026-04-16 16:00:55', '2026-04-21 13:59:54'),
(80, 'ANDERSON ENRIQUE', 'BERRU ALAMA', '938974141', 'm', '2011-11-04', 8, 'en_preparacion', '2026-04-16 16:00:55', '2026-04-20 15:20:43'),
(81, 'LUIS MATHIAS', 'GUERRERO LEON', '950422171', 'm', '2010-02-24', 9, 'en_preparacion', '2026-04-16 16:00:55', '2026-04-20 16:33:49'),
(82, 'SINDY CAMILA', 'FASANANDO DEL AGUILA', '929772660', 'f', NULL, 10, 'en_preparacion', '2026-04-16 16:00:55', '2026-04-20 20:12:14'),
(83, 'ORIANA ISABEL', 'ELERA GALLARDO', '956920059', 'f', NULL, 11, 'en_preparacion', '2026-04-16 16:00:55', '2026-04-18 15:25:06'),
(84, 'HIARA JAORY', 'GUERRERO TINEO', NULL, 'f', '2011-04-21', 7, 'en_preparacion', '2026-04-16 16:00:55', '2026-04-21 12:40:29'),
(85, 'LARRY FABIANO', 'GALVEZ TORIBIO', '945850513', 'm', NULL, 10, 'en_preparacion', '2026-04-16 16:00:55', '2026-04-20 20:10:34'),
(86, 'MIKEL OZIEL', 'CHIROQUE SERNAQUE', '961530892', 'm', NULL, 11, 'en_preparacion', '2026-04-16 16:00:55', '2026-04-21 13:12:53'),
(87, 'BELL GEORDI', 'ROJAS JUAREZ', '916692286', 'm', '2008-12-10', 7, 'en_preparacion', '2026-04-16 16:00:55', '2026-04-21 12:52:39'),
(88, 'JUAN EMIR', 'ZAPATA MOGOLLON', '967090947', 'm', '2010-07-07', 8, 'en_preparacion', '2026-04-16 16:00:55', '2026-04-20 16:21:59'),
(89, 'ANGEL LEONEL', 'PASICHE CORDOVA', '912823745', 'm', '2011-11-28', 9, 'en_preparacion', '2026-04-16 16:00:55', '2026-04-20 16:36:42'),
(90, 'FERNANDO JOSUE', 'CUNIA FACUNDO', NULL, 'm', NULL, 10, 'en_preparacion', '2026-04-16 16:00:55', '2026-04-20 17:19:29'),
(91, 'RODRIGO GUILLERMO', 'MOSCOL TABOADA', NULL, 'm', NULL, 11, 'en_preparacion', '2026-04-16 16:00:55', '2026-04-21 16:17:31'),
(92, 'HENRY FABRICIO', 'MEDINA TIMANA', '984162565', 'm', NULL, 12, 'en_preparacion', '2026-04-16 16:00:55', '2026-04-21 13:39:42'),
(93, 'BRIGHIT CAMILA', 'ALDANA VIERA', NULL, 'f', '2010-09-25', 8, 'en_preparacion', '2026-04-16 16:00:55', '2026-04-20 15:17:40'),
(94, 'RODRIGO ALONSO', 'LOZADA GARCIA', '962134781', 'm', '2009-05-18', 8, 'en_preparacion', '2026-04-16 16:00:55', '2026-04-20 16:17:39'),
(95, 'ANGIE XIMENA', 'BERRU MONTERO', NULL, 'f', '2011-12-28', 9, 'en_preparacion', '2026-04-16 16:00:55', '2026-04-20 16:32:04'),
(96, 'LUCERO DE LOS ANGELES', 'SALDAÑA LABAN', NULL, 'f', NULL, 10, 'en_preparacion', '2026-04-16 16:00:55', '2026-04-21 12:15:51'),
(97, 'KAHOMY YANELY', 'PULACHE MORALES', NULL, 'f', NULL, 11, 'en_preparacion', '2026-04-16 16:00:55', '2026-04-21 13:21:45'),
(98, 'MIA IVANNA', 'RAMIREZ LOZADA', '982170127', 'f', '2010-10-08', 7, 'en_preparacion', '2026-04-16 16:00:55', '2026-04-21 12:45:53'),
(99, 'MARIA PAZ', 'DIOSES RAMIREZ', '969960839', 'f', NULL, 8, 'en_preparacion', '2026-04-16 16:00:55', '2026-04-18 15:26:29'),
(100, 'LEONOR IGOR', 'VILELA GARCIA', '918015081', 'm', NULL, 9, 'en_preparacion', '2026-04-16 16:00:55', '2026-04-18 15:24:43'),
(101, 'AXEL ALEXIS STEPHEN', 'JIMENEZ JUAREZ', NULL, 'm', NULL, 10, 'en_preparacion', '2026-04-16 16:00:55', '2026-04-20 20:12:56'),
(102, 'JOSE SANTOS AGURTO', 'AGURTO FARFAN', '990683832', 'm', NULL, 11, 'en_preparacion', '2026-04-16 16:00:55', '2026-04-18 15:25:06'),
(103, 'ARIANE YAMILE', 'PACHERRES LITANO', NULL, 'f', NULL, 9, 'en_preparacion', '2026-04-16 16:00:55', '2026-04-18 15:24:43'),
(104, 'XAIRA DAYANNA', 'VILLEGAS SOSA', '902205862', 'f', NULL, 10, 'en_preparacion', '2026-04-16 16:00:55', '2026-04-21 12:16:47'),
(105, 'MARIA FERNANDA', 'RODRIGUEZ GRANADINO', '938104793', 'f', NULL, 11, 'en_preparacion', '2026-04-16 16:00:55', '2026-04-18 15:25:06'),
(106, 'NAYELI THAIS', 'ZURITA CHINGUEL', '918868960', 'f', '2012-01-26', 7, 'en_preparacion', '2026-04-16 16:00:55', '2026-04-21 12:53:46'),
(107, 'STEVEN ANDERSON', 'LOPEZ SALVADOR', '915144185', 'm', '2011-05-13', 7, 'en_preparacion', '2026-04-16 16:00:55', '2026-04-21 12:42:09'),
(108, 'BRIAN RICARDO', 'ALFARO VILLA', '900078217', 'm', '2009-03-04', 8, 'en_preparacion', '2026-04-16 16:00:55', '2026-04-20 15:18:37'),
(109, 'JOSSEP FABIO', 'RONDOY SOSA', '900248187', 'm', '2009-05-22', 9, 'en_preparacion', '2026-04-16 16:00:55', '2026-04-20 16:43:47'),
(110, 'ANDREW MAURICIO', 'ZETA VIERA', '969923370', 'm', NULL, 10, 'en_preparacion', '2026-04-16 16:00:55', '2026-04-18 15:24:58'),
(111, 'JUNSU YANET', 'VALDIVIA FACUNDO', '921625131', 'f', '2011-10-07', 8, 'en_preparacion', '2026-04-16 16:00:55', '2026-04-20 16:21:08'),
(112, 'JOSE MANUEL', 'PONGO GARCIA', '946494996', 'm', NULL, 11, 'en_preparacion', '2026-04-16 16:00:55', '2026-04-18 15:25:06'),
(113, 'MANUEL ALEJANDRO', 'VIERA BENITES', NULL, 'm', NULL, 7, 'en_preparacion', '2026-04-16 16:00:55', '2026-04-18 15:26:20'),
(114, 'KEYBER MANUEL', 'FARFAN APARICIO', '990068640', 'm', NULL, 12, 'en_preparacion', '2026-04-16 16:00:55', '2026-04-21 13:34:36'),
(115, 'FABIAN ESTEFANO', 'RUIZ PULACHE', '953616472', 'm', '2011-08-23', 9, 'en_preparacion', '2026-04-16 16:00:55', '2026-04-20 16:44:35'),
(116, 'OLIVER VLADIMIR', 'MAZA CHERRES', '927332223', 'm', NULL, 10, 'en_preparacion', '2026-04-16 16:00:55', '2026-04-20 20:16:38'),
(117, 'LUCIILA NAYELY', 'LACHIRA BERRU', '920615418', 'f', '2009-06-30', 9, 'en_preparacion', '2026-04-16 16:00:55', '2026-04-20 16:34:49'),
(118, 'YENIFER MILENA', 'LOPEZ PEÑA', NULL, 'f', NULL, 10, 'en_preparacion', '2026-04-16 16:00:55', '2026-04-20 20:14:01'),
(119, 'PIERO NICOLAS', 'MACHACUAY SANCHEZ', NULL, 'm', NULL, 11, 'en_preparacion', '2026-04-16 16:00:55', '2026-04-21 13:16:40'),
(120, 'JOSUE MARCO MATHEUS', 'MOSCOL ANDOA', NULL, 'm', '2011-11-16', 7, 'en_preparacion', '2026-04-16 16:00:55', '2026-04-21 12:47:44'),
(121, 'JOSE FABIAN', 'CHERRES SUAREZ', NULL, 'm', '2011-02-07', 8, 'en_preparacion', '2026-04-16 16:00:55', '2026-04-20 15:21:50'),
(122, 'ULISES ALEJANDRO', 'VERONA MASIAS', '978127251', 'm', NULL, 9, 'en_preparacion', '2026-04-16 16:00:55', '2026-04-18 15:24:43'),
(123, 'JOSUE ANDRE', 'MANRIQUE TRIPUL', '965404411', 'm', NULL, 10, 'en_preparacion', '2026-04-16 16:00:55', '2026-04-20 20:15:15'),
(124, 'DUNIA NATALIA', 'CRUZ VALDIVIEZO', '997667458', 'f', NULL, 11, 'en_preparacion', '2026-04-16 16:00:55', '2026-04-21 13:15:29'),
(125, 'CARLOS EDUARDO', 'REYES GUZMAN', '961362740', 'm', NULL, 11, 'en_preparacion', '2026-04-16 16:00:55', '2026-04-21 16:18:25'),
(126, 'LUIS ANDERSON FABIAN', 'SEMINARIO GUERRERO', '934340246', 'm', NULL, 7, 'en_preparacion', '2026-04-16 16:00:55', '2026-04-18 15:26:20'),
(127, 'MIA FERNANDA', 'CRUZ PULACHE', '974119504', 'f', '2011-05-16', 7, 'en_preparacion', '2026-04-16 16:00:55', '2026-04-21 12:38:51'),
(128, 'AARON MAURICIO', 'QUINO PULACHE', '960218025', 'm', '2010-09-25', 8, 'en_preparacion', '2026-04-16 16:00:55', '2026-04-20 16:20:21'),
(129, 'ALLISON VICTORIA', 'LIZANA BENAVIDES', NULL, 'f', '2011-01-31', 8, 'en_preparacion', '2026-04-16 16:00:55', '2026-04-20 16:15:55'),
(130, 'ANYELA GISSELA', 'PUELLES CHANTA', '904458671', 'f', '2010-03-05', 9, 'en_preparacion', '2026-04-16 16:00:55', '2026-04-20 16:42:16'),
(131, 'OSCAR ANTONIO', 'TOCTO OCUPA', '915200650', 'm', '2010-07-26', 9, 'en_preparacion', '2026-04-16 16:00:55', '2026-04-20 16:45:23'),
(132, 'EDDY STEFANO', 'TORRES MONTALVAN', '968962145', 'm', NULL, 10, 'en_preparacion', '2026-04-16 16:00:55', '2026-04-18 15:24:58'),
(133, 'TATIANA CAMILA', 'FARFAN SANCHEZ', NULL, 'f', NULL, 10, 'en_preparacion', '2026-04-16 16:00:55', '2026-04-20 20:12:35'),
(137, 'Valeria Lizbeth', 'Ojeda Barco', '943903692', 'f', NULL, 7, 'en_preparacion', '2026-04-17 14:44:53', '2026-04-18 15:26:20'),
(138, 'Ariana Lizbeth', 'Ojeda Barco', '943903692', 'f', NULL, 8, 'en_preparacion', '2026-04-17 14:44:53', '2026-04-18 15:26:29'),
(139, 'Allison Belinda', 'Alvarez Tocto', '920882836', 'f', '2009-07-26', 9, 'en_preparacion', '2026-04-17 14:44:53', '2026-04-20 16:30:17'),
(140, 'Samin Ivan', 'Alvarez Tocto', '920668250', 'm', NULL, 11, 'en_preparacion', '2026-04-17 14:44:53', '2026-04-21 12:55:16'),
(141, 'David Nicolas', 'Pasapera Herrera', '964158715', 'm', NULL, 12, 'en_preparacion', '2026-04-17 14:44:53', '2026-04-18 15:26:46'),
(142, 'Kiara Yaslin', 'Puelles Vilchez', '902170715', 'f', NULL, 10, 'en_preparacion', '2026-04-17 14:44:53', '2026-04-21 12:14:40'),
(143, 'Juanita Alejandra', 'Ruiz Peña', '952160262', 'f', NULL, 11, 'en_preparacion', '2026-04-17 14:44:53', '2026-04-18 15:25:06'),
(145, 'Ariana Duslev', 'Holguin Escobar', NULL, 'f', NULL, 12, 'en_preparacion', '2026-04-18 15:20:43', '2026-04-21 16:23:22'),
(146, 'Nima Lucia', 'Franco Anton', '912340059', 'f', NULL, 12, 'en_preparacion', '2026-04-18 15:20:43', '2026-04-21 16:22:34'),
(147, 'Aldo Emil', 'Tocto Santos', '978908473', 'm', NULL, 12, 'en_preparacion', '2026-04-18 15:20:43', '2026-04-21 13:42:18'),
(148, 'Joseph', 'Dominguez Calle', '967266986', 'm', NULL, 12, 'en_preparacion', '2026-04-18 15:20:43', '2026-04-21 13:32:30'),
(149, 'Arallys Alexandra', 'Garcia Otero', NULL, 'f', NULL, 12, 'en_preparacion', '2026-04-18 15:20:43', '2026-04-21 16:22:59'),
(150, 'Nicole Antonella', 'Huayama Ordoñez', '932266537', 'f', NULL, 12, 'en_preparacion', '2026-04-18 15:20:43', '2026-04-21 13:37:49'),
(151, 'Jocsan Jair', 'Ipanaque Carrasco', NULL, 'm', NULL, 12, 'en_preparacion', '2026-04-18 15:20:43', '2026-04-21 16:24:21'),
(152, 'EDITH MIRELLA', 'AULIA MULATILLA', '980495044', NULL, '2010-02-14', 8, 'en_preparacion', '2026-04-20 16:23:55', '2026-04-20 16:23:55'),
(153, 'MATEO ALBERTO ALEJANDRO', 'BERMEO ROMERO', '906172430', 'm', NULL, 12, 'en_preparacion', '2026-04-21 13:56:30', '2026-04-21 13:56:30');

-- --------------------------------------------------------

--
-- Estructura de tabla para la tabla `confirmando_apoderado`
--


--
-- Volcado de datos para la tabla `confirmando_apoderado`
--

INSERT INTO `confirmando_apoderado` (`id`, `confirmando_id`, `apoderado_id`, `tipo_apoderado_id`, `created_at`, `updated_at`) VALUES
(71, 93, 101, 2, NULL, NULL),
(74, 80, 103, 1, NULL, NULL),
(75, 121, 104, 1, NULL, NULL),
(76, 73, 105, 2, NULL, NULL),
(77, 74, 105, 2, NULL, NULL),
(78, 129, 106, 2, NULL, NULL),
(79, 94, 107, 3, NULL, NULL),
(80, 62, 108, 2, NULL, NULL),
(81, 128, 109, 1, NULL, NULL),
(82, 111, 110, 2, NULL, NULL),
(84, 152, 112, 3, NULL, NULL),
(85, 139, 113, 1, NULL, NULL),
(86, 78, 114, 2, NULL, NULL),
(87, 68, 115, 1, NULL, NULL),
(88, 81, 116, 2, NULL, NULL),
(89, 117, 117, 1, NULL, NULL),
(90, 89, 118, 2, NULL, NULL),
(91, 130, 119, 2, NULL, NULL),
(92, 109, 120, 2, NULL, NULL),
(93, 115, 121, 1, NULL, NULL),
(94, 131, 122, 2, NULL, NULL),
(95, 76, 123, 2, NULL, NULL),
(96, 90, 124, 3, NULL, NULL),
(97, 82, 125, 3, NULL, NULL),
(98, 133, 126, 2, NULL, NULL),
(99, 85, 127, 2, NULL, NULL),
(100, 118, 128, 2, NULL, NULL),
(101, 123, 129, 2, NULL, NULL),
(102, 116, 130, 2, NULL, NULL),
(103, 64, 131, 2, NULL, NULL),
(104, 142, 132, 2, NULL, NULL),
(105, 96, 133, 2, NULL, NULL),
(106, 104, 134, 2, NULL, NULL),
(107, 127, 135, 2, NULL, NULL),
(108, 84, 136, 2, NULL, NULL),
(109, 107, 137, 2, NULL, NULL),
(111, 98, 139, 1, NULL, NULL),
(112, 120, 138, 1, NULL, NULL),
(113, 61, 140, 2, NULL, NULL),
(114, 87, 141, 1, NULL, NULL),
(115, 66, 142, 2, NULL, NULL),
(116, 106, 143, 2, NULL, NULL),
(117, 140, 144, 2, NULL, NULL),
(118, 70, 145, 1, NULL, NULL),
(119, 86, 146, 2, NULL, NULL),
(120, 124, 147, 1, NULL, NULL),
(121, 119, 148, 2, NULL, NULL),
(122, 91, 149, 2, NULL, NULL),
(123, 97, 150, 2, NULL, NULL),
(125, 125, 151, 3, NULL, NULL),
(126, 143, 152, 1, NULL, NULL),
(127, 77, 153, 1, NULL, NULL),
(128, 65, 154, 2, NULL, NULL),
(129, 67, 155, 1, NULL, NULL),
(130, 69, 156, 2, NULL, NULL),
(131, 148, 157, 2, NULL, NULL),
(132, 114, 158, 2, NULL, NULL),
(133, 149, 159, 2, NULL, NULL),
(134, 145, 160, 2, NULL, NULL),
(135, 150, 161, 2, NULL, NULL),
(136, 151, 162, 2, NULL, NULL),
(137, 92, 163, 2, NULL, NULL),
(138, 141, 164, 1, NULL, NULL),
(139, 75, 165, 2, NULL, NULL),
(140, 147, 166, 2, NULL, NULL),
(141, 153, 167, 1, NULL, NULL),
(142, 79, 168, 1, NULL, NULL),
(143, 108, 169, 2, NULL, NULL),
(144, 88, 170, 3, NULL, NULL),
(145, 95, 171, 1, NULL, NULL),
(146, 146, 172, 2, NULL, NULL);

-- --------------------------------------------------------

--
-- Estructura de tabla para la tabla `confirmando_requisito`
--

--
-- Volcado de datos para la tabla `confirmando_requisito`
--

INSERT INTO `confirmando_requisito` (`id`, `confirmando_id`, `requisito_id`, `estado`, `fecha_entrega`, `created_at`, `updated_at`) VALUES
(341, 93, 2, 'pendiente', NULL, NULL, NULL),
(342, 93, 4, 'pendiente', NULL, NULL, NULL),
(343, 93, 7, 'pendiente', NULL, NULL, NULL),
(344, 93, 12, 'pendiente', NULL, NULL, NULL),
(345, 93, 13, 'pendiente', NULL, NULL, NULL),
(346, 108, 2, 'pendiente', NULL, NULL, NULL),
(347, 108, 4, 'pendiente', NULL, NULL, NULL),
(348, 108, 7, 'pendiente', NULL, NULL, NULL),
(349, 108, 12, 'pendiente', NULL, NULL, NULL),
(350, 108, 13, 'pendiente', NULL, NULL, NULL),
(351, 79, 2, 'pendiente', NULL, NULL, NULL),
(352, 79, 4, 'pendiente', NULL, NULL, NULL),
(353, 79, 7, 'pendiente', NULL, NULL, NULL),
(354, 79, 12, 'pendiente', NULL, NULL, NULL),
(355, 79, 13, 'pendiente', NULL, NULL, NULL),
(356, 80, 2, 'pendiente', NULL, NULL, NULL),
(357, 80, 4, 'pendiente', NULL, NULL, NULL),
(358, 80, 7, 'pendiente', NULL, NULL, NULL),
(359, 80, 12, 'pendiente', NULL, NULL, NULL),
(360, 80, 13, 'pendiente', NULL, NULL, NULL),
(361, 121, 2, 'pendiente', NULL, NULL, NULL),
(362, 121, 4, 'pendiente', NULL, NULL, NULL),
(363, 121, 7, 'pendiente', NULL, NULL, NULL),
(364, 121, 12, 'pendiente', NULL, NULL, NULL),
(365, 121, 13, 'pendiente', NULL, NULL, NULL),
(366, 73, 2, 'pendiente', NULL, NULL, NULL),
(367, 73, 4, 'pendiente', NULL, NULL, NULL),
(368, 73, 6, 'pendiente', NULL, NULL, NULL),
(369, 73, 7, 'pendiente', NULL, NULL, NULL),
(370, 73, 12, 'pendiente', NULL, NULL, NULL),
(371, 73, 13, 'pendiente', NULL, NULL, NULL),
(372, 74, 2, 'pendiente', NULL, NULL, NULL),
(373, 74, 4, 'pendiente', NULL, NULL, NULL),
(374, 74, 6, 'pendiente', NULL, NULL, NULL),
(375, 74, 7, 'pendiente', NULL, NULL, NULL),
(376, 74, 12, 'pendiente', NULL, NULL, NULL),
(377, 74, 13, 'pendiente', NULL, NULL, NULL),
(378, 129, 2, 'pendiente', NULL, NULL, NULL),
(379, 129, 4, 'pendiente', NULL, NULL, NULL),
(380, 129, 7, 'pendiente', NULL, NULL, NULL),
(381, 129, 12, 'pendiente', NULL, NULL, NULL),
(382, 129, 13, 'pendiente', NULL, NULL, NULL),
(383, 94, 2, 'pendiente', NULL, NULL, NULL),
(384, 94, 4, 'pendiente', NULL, NULL, NULL),
(385, 94, 7, 'pendiente', NULL, NULL, NULL),
(386, 94, 12, 'pendiente', NULL, NULL, NULL),
(387, 94, 13, 'pendiente', NULL, NULL, NULL),
(388, 62, 2, 'pendiente', NULL, NULL, NULL),
(389, 62, 4, 'pendiente', NULL, NULL, NULL),
(390, 62, 6, 'pendiente', NULL, NULL, NULL),
(391, 62, 7, 'pendiente', NULL, NULL, NULL),
(392, 62, 12, 'pendiente', NULL, NULL, NULL),
(393, 62, 13, 'pendiente', NULL, NULL, NULL),
(394, 128, 2, 'pendiente', NULL, NULL, NULL),
(395, 128, 4, 'pendiente', NULL, NULL, NULL),
(396, 128, 7, 'pendiente', NULL, NULL, NULL),
(397, 128, 12, 'pendiente', NULL, NULL, NULL),
(398, 128, 13, 'pendiente', NULL, NULL, NULL),
(399, 111, 2, 'pendiente', NULL, NULL, NULL),
(400, 111, 4, 'pendiente', NULL, NULL, NULL),
(401, 111, 6, 'pendiente', NULL, NULL, NULL),
(402, 111, 7, 'pendiente', NULL, NULL, NULL),
(403, 111, 12, 'pendiente', NULL, NULL, NULL),
(404, 111, 13, 'pendiente', NULL, NULL, NULL),
(405, 88, 2, 'pendiente', NULL, NULL, NULL),
(406, 88, 4, 'pendiente', NULL, NULL, NULL),
(407, 88, 7, 'pendiente', NULL, NULL, NULL),
(408, 88, 12, 'pendiente', NULL, NULL, NULL),
(409, 88, 13, 'pendiente', NULL, NULL, NULL),
(410, 152, 2, 'pendiente', NULL, NULL, NULL),
(411, 152, 4, 'pendiente', NULL, NULL, NULL),
(412, 152, 7, 'pendiente', NULL, NULL, NULL),
(413, 152, 12, 'pendiente', NULL, NULL, NULL),
(414, 152, 13, 'pendiente', NULL, NULL, NULL),
(415, 139, 2, 'pendiente', NULL, NULL, NULL),
(416, 139, 4, 'pendiente', NULL, NULL, NULL),
(417, 139, 6, 'pendiente', NULL, NULL, NULL),
(418, 139, 7, 'pendiente', NULL, NULL, NULL),
(419, 139, 12, 'pendiente', NULL, NULL, NULL),
(420, 139, 13, 'pendiente', NULL, NULL, NULL),
(421, 78, 2, 'pendiente', NULL, NULL, NULL),
(422, 78, 4, 'pendiente', NULL, NULL, NULL),
(423, 78, 7, 'pendiente', NULL, NULL, NULL),
(424, 78, 12, 'pendiente', NULL, NULL, NULL),
(425, 78, 13, 'pendiente', NULL, NULL, NULL),
(426, 95, 2, 'pendiente', NULL, NULL, NULL),
(427, 95, 4, 'pendiente', NULL, NULL, NULL),
(428, 95, 7, 'pendiente', NULL, NULL, NULL),
(429, 95, 12, 'pendiente', NULL, NULL, NULL),
(430, 95, 13, 'pendiente', NULL, NULL, NULL),
(431, 68, 2, 'pendiente', NULL, NULL, NULL),
(432, 68, 4, 'pendiente', NULL, NULL, NULL),
(433, 68, 6, 'pendiente', NULL, NULL, NULL),
(434, 68, 7, 'pendiente', NULL, NULL, NULL),
(435, 68, 12, 'pendiente', NULL, NULL, NULL),
(436, 68, 13, 'pendiente', NULL, NULL, NULL),
(437, 81, 2, 'pendiente', NULL, NULL, NULL),
(438, 81, 4, 'pendiente', NULL, NULL, NULL),
(439, 81, 7, 'pendiente', NULL, NULL, NULL),
(440, 81, 12, 'pendiente', NULL, NULL, NULL),
(441, 81, 13, 'pendiente', NULL, NULL, NULL),
(442, 117, 2, 'pendiente', NULL, NULL, NULL),
(443, 117, 4, 'pendiente', NULL, NULL, NULL),
(444, 117, 7, 'pendiente', NULL, NULL, NULL),
(445, 117, 12, 'pendiente', NULL, NULL, NULL),
(446, 117, 13, 'pendiente', NULL, NULL, NULL),
(447, 89, 2, 'pendiente', NULL, NULL, NULL),
(448, 89, 4, 'pendiente', NULL, NULL, NULL),
(449, 89, 7, 'pendiente', NULL, NULL, NULL),
(450, 89, 12, 'pendiente', NULL, NULL, NULL),
(451, 89, 13, 'pendiente', NULL, NULL, NULL),
(452, 130, 2, 'pendiente', NULL, NULL, NULL),
(453, 130, 4, 'pendiente', NULL, NULL, NULL),
(454, 130, 6, 'pendiente', NULL, NULL, NULL),
(455, 130, 7, 'pendiente', NULL, NULL, NULL),
(456, 130, 12, 'pendiente', NULL, NULL, NULL),
(457, 130, 13, 'pendiente', NULL, NULL, NULL),
(458, 109, 2, 'pendiente', NULL, NULL, NULL),
(459, 109, 4, 'pendiente', NULL, NULL, NULL),
(460, 109, 7, 'pendiente', NULL, NULL, NULL),
(461, 109, 12, 'pendiente', NULL, NULL, NULL),
(462, 109, 13, 'pendiente', NULL, NULL, NULL),
(463, 115, 2, 'pendiente', NULL, NULL, NULL),
(464, 115, 4, 'pendiente', NULL, NULL, NULL),
(465, 115, 6, 'pendiente', NULL, NULL, NULL),
(466, 115, 7, 'pendiente', NULL, NULL, NULL),
(467, 115, 12, 'pendiente', NULL, NULL, NULL),
(468, 115, 13, 'pendiente', NULL, NULL, NULL),
(469, 131, 2, 'pendiente', NULL, NULL, NULL),
(470, 131, 4, 'pendiente', NULL, NULL, NULL),
(471, 131, 7, 'pendiente', NULL, NULL, NULL),
(472, 131, 12, 'pendiente', NULL, NULL, NULL),
(473, 131, 13, 'pendiente', NULL, NULL, NULL),
(474, 76, 2, 'pendiente', NULL, NULL, NULL),
(475, 76, 4, 'pendiente', NULL, NULL, NULL),
(476, 76, 7, 'pendiente', NULL, NULL, NULL),
(477, 76, 12, 'pendiente', NULL, NULL, NULL),
(478, 76, 13, 'pendiente', NULL, NULL, NULL),
(479, 153, 1, 'pendiente', NULL, NULL, NULL),
(480, 153, 2, 'pendiente', NULL, NULL, NULL),
(481, 153, 3, 'pendiente', NULL, NULL, NULL),
(482, 153, 5, 'pendiente', NULL, NULL, NULL),
(483, 153, 6, 'pendiente', NULL, NULL, NULL),
(484, 153, 7, 'pendiente', NULL, NULL, NULL),
(485, 153, 8, 'pendiente', NULL, NULL, NULL),
(486, 153, 9, 'pendiente', NULL, NULL, NULL),
(487, 153, 10, 'pendiente', NULL, NULL, NULL),
(488, 153, 11, 'pendiente', NULL, NULL, NULL),
(489, 153, 4, 'pendiente', NULL, NULL, NULL),
(490, 153, 12, 'pendiente', NULL, NULL, NULL),
(491, 153, 13, 'pendiente', NULL, NULL, NULL),
(492, 127, 1, 'pendiente', NULL, NULL, NULL),
(493, 127, 2, 'pendiente', NULL, NULL, NULL),
(494, 127, 3, 'pendiente', NULL, NULL, NULL),
(495, 127, 5, 'pendiente', NULL, NULL, NULL),
(496, 127, 6, 'pendiente', NULL, NULL, NULL),
(497, 127, 7, 'pendiente', NULL, NULL, NULL),
(498, 127, 8, 'pendiente', NULL, NULL, NULL),
(499, 127, 9, 'pendiente', NULL, NULL, NULL),
(500, 127, 10, 'pendiente', NULL, NULL, NULL),
(501, 127, 11, 'pendiente', NULL, NULL, NULL),
(502, 127, 4, 'pendiente', NULL, NULL, NULL),
(503, 127, 12, 'pendiente', NULL, NULL, NULL),
(504, 127, 13, 'pendiente', NULL, NULL, NULL),
(505, 84, 1, 'pendiente', NULL, NULL, NULL),
(506, 84, 2, 'pendiente', NULL, NULL, NULL),
(507, 84, 3, 'pendiente', NULL, NULL, NULL),
(508, 84, 5, 'pendiente', NULL, NULL, NULL),
(509, 84, 6, 'pendiente', NULL, NULL, NULL),
(510, 84, 7, 'pendiente', NULL, NULL, NULL),
(511, 84, 8, 'pendiente', NULL, NULL, NULL),
(512, 84, 9, 'pendiente', NULL, NULL, NULL),
(513, 84, 10, 'pendiente', NULL, NULL, NULL),
(514, 84, 11, 'pendiente', NULL, NULL, NULL),
(515, 84, 4, 'pendiente', NULL, NULL, NULL),
(516, 84, 12, 'pendiente', NULL, NULL, NULL),
(517, 84, 13, 'pendiente', NULL, NULL, NULL),
(518, 107, 1, 'pendiente', NULL, NULL, NULL),
(519, 107, 2, 'pendiente', NULL, NULL, NULL),
(520, 107, 3, 'pendiente', NULL, NULL, NULL),
(521, 107, 5, 'pendiente', NULL, NULL, NULL),
(522, 107, 6, 'pendiente', NULL, NULL, NULL),
(523, 107, 7, 'pendiente', NULL, NULL, NULL),
(524, 107, 8, 'pendiente', NULL, NULL, NULL),
(525, 107, 9, 'pendiente', NULL, NULL, NULL),
(526, 107, 10, 'pendiente', NULL, NULL, NULL),
(527, 107, 11, 'pendiente', NULL, NULL, NULL),
(528, 107, 4, 'pendiente', NULL, NULL, NULL),
(529, 107, 12, 'pendiente', NULL, NULL, NULL),
(530, 107, 13, 'pendiente', NULL, NULL, NULL),
(531, 61, 2, 'pendiente', NULL, NULL, NULL),
(532, 61, 4, 'pendiente', NULL, NULL, NULL),
(533, 61, 7, 'pendiente', NULL, NULL, NULL),
(534, 61, 12, 'pendiente', NULL, NULL, NULL),
(535, 61, 13, 'pendiente', NULL, NULL, NULL),
(536, 120, 2, 'pendiente', NULL, NULL, NULL),
(537, 120, 4, 'pendiente', NULL, NULL, NULL),
(538, 120, 7, 'pendiente', NULL, NULL, NULL),
(539, 120, 12, 'pendiente', NULL, NULL, NULL),
(540, 120, 13, 'pendiente', NULL, NULL, NULL),
(541, 98, 2, 'pendiente', NULL, NULL, NULL),
(542, 98, 4, 'pendiente', NULL, NULL, NULL),
(543, 98, 7, 'pendiente', NULL, NULL, NULL),
(544, 98, 12, 'pendiente', NULL, NULL, NULL),
(545, 98, 13, 'pendiente', NULL, NULL, NULL),
(546, 87, 2, 'pendiente', NULL, NULL, NULL),
(547, 87, 4, 'pendiente', NULL, NULL, NULL),
(548, 87, 7, 'pendiente', NULL, NULL, NULL),
(549, 87, 12, 'pendiente', NULL, NULL, NULL),
(550, 87, 13, 'pendiente', NULL, NULL, NULL),
(551, 66, 1, 'pendiente', NULL, NULL, NULL),
(552, 66, 2, 'pendiente', NULL, NULL, NULL),
(553, 66, 3, 'pendiente', NULL, NULL, NULL),
(554, 66, 5, 'pendiente', NULL, NULL, NULL),
(555, 66, 6, 'pendiente', NULL, NULL, NULL),
(556, 66, 7, 'pendiente', NULL, NULL, NULL),
(557, 66, 8, 'pendiente', NULL, NULL, NULL),
(558, 66, 9, 'pendiente', NULL, NULL, NULL),
(559, 66, 10, 'pendiente', NULL, NULL, NULL),
(560, 66, 11, 'pendiente', NULL, NULL, NULL),
(561, 66, 4, 'pendiente', NULL, NULL, NULL),
(562, 66, 12, 'pendiente', NULL, NULL, NULL),
(563, 66, 13, 'pendiente', NULL, NULL, NULL),
(564, 106, 2, 'pendiente', NULL, NULL, NULL),
(565, 106, 4, 'pendiente', NULL, NULL, NULL),
(566, 106, 7, 'pendiente', NULL, NULL, NULL),
(567, 106, 12, 'pendiente', NULL, NULL, NULL),
(568, 106, 13, 'pendiente', NULL, NULL, NULL),
(569, 90, 2, 'pendiente', NULL, NULL, NULL),
(570, 90, 4, 'pendiente', NULL, NULL, NULL),
(571, 90, 7, 'pendiente', NULL, NULL, NULL),
(572, 90, 12, 'pendiente', NULL, NULL, NULL),
(573, 90, 13, 'pendiente', NULL, NULL, NULL),
(574, 133, 2, 'pendiente', NULL, NULL, NULL),
(575, 133, 4, 'pendiente', NULL, NULL, NULL),
(576, 133, 7, 'pendiente', NULL, NULL, NULL),
(577, 133, 12, 'pendiente', NULL, NULL, NULL),
(578, 133, 13, 'pendiente', NULL, NULL, NULL),
(579, 82, 1, 'pendiente', NULL, NULL, NULL),
(580, 82, 2, 'pendiente', NULL, NULL, NULL),
(581, 82, 3, 'pendiente', NULL, NULL, NULL),
(582, 82, 5, 'pendiente', NULL, NULL, NULL),
(583, 82, 6, 'pendiente', NULL, NULL, NULL),
(584, 82, 7, 'pendiente', NULL, NULL, NULL),
(585, 82, 8, 'pendiente', NULL, NULL, NULL),
(586, 82, 9, 'pendiente', NULL, NULL, NULL),
(587, 82, 10, 'pendiente', NULL, NULL, NULL),
(588, 82, 11, 'pendiente', NULL, NULL, NULL),
(589, 82, 4, 'pendiente', NULL, NULL, NULL),
(590, 82, 12, 'pendiente', NULL, NULL, NULL),
(591, 82, 13, 'pendiente', NULL, NULL, NULL),
(592, 85, 2, 'pendiente', NULL, NULL, NULL),
(593, 85, 4, 'pendiente', NULL, NULL, NULL),
(594, 85, 7, 'pendiente', NULL, NULL, NULL),
(595, 85, 12, 'pendiente', NULL, NULL, NULL),
(596, 85, 13, 'pendiente', NULL, NULL, NULL),
(597, 118, 1, 'pendiente', NULL, NULL, NULL),
(598, 118, 2, 'pendiente', NULL, NULL, NULL),
(599, 118, 3, 'pendiente', NULL, NULL, NULL),
(600, 118, 5, 'pendiente', NULL, NULL, NULL),
(601, 118, 6, 'pendiente', NULL, NULL, NULL),
(602, 118, 7, 'pendiente', NULL, NULL, NULL),
(603, 118, 8, 'pendiente', NULL, NULL, NULL),
(604, 118, 9, 'pendiente', NULL, NULL, NULL),
(605, 118, 10, 'pendiente', NULL, NULL, NULL),
(606, 118, 11, 'pendiente', NULL, NULL, NULL),
(607, 118, 4, 'pendiente', NULL, NULL, NULL),
(608, 118, 12, 'pendiente', NULL, NULL, NULL),
(609, 118, 13, 'pendiente', NULL, NULL, NULL),
(610, 123, 2, 'pendiente', NULL, NULL, NULL),
(611, 123, 4, 'pendiente', NULL, NULL, NULL),
(612, 123, 7, 'pendiente', NULL, NULL, NULL),
(613, 123, 12, 'pendiente', NULL, NULL, NULL),
(614, 123, 13, 'pendiente', NULL, NULL, NULL),
(615, 116, 2, 'pendiente', NULL, NULL, NULL),
(616, 116, 4, 'pendiente', NULL, NULL, NULL),
(617, 116, 6, 'pendiente', NULL, NULL, NULL),
(618, 116, 7, 'pendiente', NULL, NULL, NULL),
(619, 116, 12, 'pendiente', NULL, NULL, NULL),
(620, 116, 13, 'pendiente', NULL, NULL, NULL),
(621, 64, 1, 'pendiente', NULL, NULL, NULL),
(622, 64, 2, 'pendiente', NULL, NULL, NULL),
(623, 64, 3, 'pendiente', NULL, NULL, NULL),
(624, 64, 5, 'pendiente', NULL, NULL, NULL),
(625, 64, 6, 'pendiente', NULL, NULL, NULL),
(626, 64, 7, 'pendiente', NULL, NULL, NULL),
(627, 64, 8, 'pendiente', NULL, NULL, NULL),
(628, 64, 9, 'pendiente', NULL, NULL, NULL),
(629, 64, 10, 'pendiente', NULL, NULL, NULL),
(630, 64, 11, 'pendiente', NULL, NULL, NULL),
(631, 64, 4, 'pendiente', NULL, NULL, NULL),
(632, 64, 12, 'pendiente', NULL, NULL, NULL),
(633, 64, 13, 'pendiente', NULL, NULL, NULL),
(634, 142, 2, 'pendiente', NULL, NULL, NULL),
(635, 142, 4, 'pendiente', NULL, NULL, NULL),
(636, 142, 6, 'pendiente', NULL, NULL, NULL),
(637, 142, 7, 'pendiente', NULL, NULL, NULL),
(638, 142, 12, 'pendiente', NULL, NULL, NULL),
(639, 142, 13, 'pendiente', NULL, NULL, NULL),
(640, 96, 2, 'pendiente', NULL, NULL, NULL),
(641, 96, 4, 'pendiente', NULL, NULL, NULL),
(642, 96, 7, 'pendiente', NULL, NULL, NULL),
(643, 96, 12, 'pendiente', NULL, NULL, NULL),
(644, 96, 13, 'pendiente', NULL, NULL, NULL),
(645, 104, 2, 'pendiente', NULL, NULL, NULL),
(646, 104, 4, 'pendiente', NULL, NULL, NULL),
(647, 104, 7, 'pendiente', NULL, NULL, NULL),
(648, 104, 12, 'pendiente', NULL, NULL, NULL),
(649, 104, 13, 'pendiente', NULL, NULL, NULL),
(650, 140, 2, 'pendiente', NULL, NULL, NULL),
(651, 140, 4, 'pendiente', NULL, NULL, NULL),
(652, 140, 6, 'pendiente', NULL, NULL, NULL),
(653, 140, 7, 'pendiente', NULL, NULL, NULL),
(654, 140, 12, 'pendiente', NULL, NULL, NULL),
(655, 140, 13, 'pendiente', NULL, NULL, NULL),
(656, 70, 1, 'pendiente', NULL, NULL, NULL),
(657, 70, 2, 'pendiente', NULL, NULL, NULL),
(658, 70, 3, 'pendiente', NULL, NULL, NULL),
(659, 70, 5, 'pendiente', NULL, NULL, NULL),
(660, 70, 6, 'pendiente', NULL, NULL, NULL),
(661, 70, 7, 'pendiente', NULL, NULL, NULL),
(662, 70, 8, 'pendiente', NULL, NULL, NULL),
(663, 70, 9, 'pendiente', NULL, NULL, NULL),
(664, 70, 10, 'pendiente', NULL, NULL, NULL),
(665, 70, 11, 'pendiente', NULL, NULL, NULL),
(666, 70, 4, 'pendiente', NULL, NULL, NULL),
(667, 70, 12, 'pendiente', NULL, NULL, NULL),
(668, 70, 13, 'pendiente', NULL, NULL, NULL),
(669, 86, 2, 'pendiente', NULL, NULL, NULL),
(670, 86, 4, 'pendiente', NULL, NULL, NULL),
(671, 86, 7, 'pendiente', NULL, NULL, NULL),
(672, 86, 12, 'pendiente', NULL, NULL, NULL),
(673, 86, 13, 'pendiente', NULL, NULL, NULL),
(674, 124, 2, 'pendiente', NULL, NULL, NULL),
(675, 124, 4, 'pendiente', NULL, NULL, NULL),
(676, 124, 7, 'pendiente', NULL, NULL, NULL),
(677, 124, 12, 'pendiente', NULL, NULL, NULL),
(678, 124, 13, 'pendiente', NULL, NULL, NULL),
(679, 119, 2, 'pendiente', NULL, NULL, NULL),
(680, 119, 4, 'pendiente', NULL, NULL, NULL),
(681, 119, 6, 'pendiente', NULL, NULL, NULL),
(682, 119, 7, 'pendiente', NULL, NULL, NULL),
(683, 119, 12, 'pendiente', NULL, NULL, NULL),
(684, 119, 13, 'pendiente', NULL, NULL, NULL),
(685, 91, 2, 'pendiente', NULL, NULL, NULL),
(686, 91, 4, 'pendiente', NULL, NULL, NULL),
(687, 91, 7, 'pendiente', NULL, NULL, NULL),
(688, 91, 12, 'pendiente', NULL, NULL, NULL),
(689, 91, 13, 'pendiente', NULL, NULL, NULL),
(690, 97, 2, 'pendiente', NULL, NULL, NULL),
(691, 97, 4, 'pendiente', NULL, NULL, NULL),
(692, 97, 6, 'pendiente', NULL, NULL, NULL),
(693, 97, 7, 'pendiente', NULL, NULL, NULL),
(694, 97, 12, 'pendiente', NULL, NULL, NULL),
(695, 97, 13, 'pendiente', NULL, NULL, NULL),
(696, 125, 2, 'pendiente', NULL, NULL, NULL),
(697, 125, 4, 'pendiente', NULL, NULL, NULL),
(698, 125, 7, 'pendiente', NULL, NULL, NULL),
(699, 125, 12, 'pendiente', NULL, NULL, NULL),
(700, 125, 13, 'pendiente', NULL, NULL, NULL),
(701, 143, 2, 'pendiente', NULL, NULL, NULL),
(702, 143, 4, 'pendiente', NULL, NULL, NULL),
(703, 143, 7, 'pendiente', NULL, NULL, NULL),
(704, 143, 12, 'pendiente', NULL, NULL, NULL),
(705, 143, 13, 'pendiente', NULL, NULL, NULL),
(706, 77, 2, 'pendiente', NULL, NULL, NULL),
(707, 77, 4, 'pendiente', NULL, NULL, NULL),
(708, 77, 7, 'pendiente', NULL, NULL, NULL),
(709, 77, 12, 'pendiente', NULL, NULL, NULL),
(710, 77, 13, 'pendiente', NULL, NULL, NULL),
(711, 65, 2, 'pendiente', NULL, NULL, NULL),
(712, 65, 4, 'pendiente', NULL, NULL, NULL),
(713, 65, 6, 'pendiente', NULL, NULL, NULL),
(714, 65, 7, 'pendiente', NULL, NULL, NULL),
(715, 65, 12, 'pendiente', NULL, NULL, NULL),
(716, 65, 13, 'pendiente', NULL, NULL, NULL),
(717, 67, 2, 'pendiente', NULL, NULL, NULL),
(718, 67, 4, 'pendiente', NULL, NULL, NULL),
(719, 67, 6, 'pendiente', NULL, NULL, NULL),
(720, 67, 7, 'pendiente', NULL, NULL, NULL),
(721, 67, 12, 'pendiente', NULL, NULL, NULL),
(722, 67, 13, 'pendiente', NULL, NULL, NULL),
(723, 69, 2, 'pendiente', NULL, NULL, NULL),
(724, 69, 4, 'pendiente', NULL, NULL, NULL),
(725, 69, 7, 'pendiente', NULL, NULL, NULL),
(726, 69, 12, 'pendiente', NULL, NULL, NULL),
(727, 69, 13, 'pendiente', NULL, NULL, NULL),
(728, 148, 1, 'pendiente', NULL, NULL, NULL),
(729, 148, 2, 'pendiente', NULL, NULL, NULL),
(730, 148, 3, 'pendiente', NULL, NULL, NULL),
(731, 148, 5, 'pendiente', NULL, NULL, NULL),
(732, 148, 6, 'pendiente', NULL, NULL, NULL),
(733, 148, 7, 'pendiente', NULL, NULL, NULL),
(734, 148, 8, 'pendiente', NULL, NULL, NULL),
(735, 148, 9, 'pendiente', NULL, NULL, NULL),
(736, 148, 10, 'pendiente', NULL, NULL, NULL),
(737, 148, 11, 'pendiente', NULL, NULL, NULL),
(738, 148, 4, 'pendiente', NULL, NULL, NULL),
(739, 148, 12, 'pendiente', NULL, NULL, NULL),
(740, 148, 13, 'pendiente', NULL, NULL, NULL),
(741, 114, 2, 'pendiente', NULL, NULL, NULL),
(742, 114, 4, 'pendiente', NULL, NULL, NULL),
(743, 114, 6, 'pendiente', NULL, NULL, NULL),
(744, 114, 7, 'pendiente', NULL, NULL, NULL),
(745, 114, 12, 'pendiente', NULL, NULL, NULL),
(746, 114, 13, 'pendiente', NULL, NULL, NULL),
(747, 146, 2, 'pendiente', NULL, NULL, NULL),
(748, 146, 4, 'pendiente', NULL, NULL, NULL),
(749, 146, 7, 'pendiente', NULL, NULL, NULL),
(750, 146, 12, 'pendiente', NULL, NULL, NULL),
(751, 146, 13, 'pendiente', NULL, NULL, NULL),
(752, 149, 2, 'pendiente', NULL, NULL, NULL),
(753, 149, 4, 'pendiente', NULL, NULL, NULL),
(754, 149, 7, 'pendiente', NULL, NULL, NULL),
(755, 149, 12, 'pendiente', NULL, NULL, NULL),
(756, 149, 13, 'pendiente', NULL, NULL, NULL),
(757, 145, 2, 'pendiente', NULL, NULL, NULL),
(758, 145, 4, 'pendiente', NULL, NULL, NULL),
(759, 145, 7, 'pendiente', NULL, NULL, NULL),
(760, 145, 12, 'pendiente', NULL, NULL, NULL),
(761, 145, 13, 'pendiente', NULL, NULL, NULL),
(762, 150, 2, 'pendiente', NULL, NULL, NULL),
(763, 150, 4, 'pendiente', NULL, NULL, NULL),
(764, 150, 7, 'pendiente', NULL, NULL, NULL),
(765, 150, 12, 'pendiente', NULL, NULL, NULL),
(766, 150, 13, 'pendiente', NULL, NULL, NULL),
(767, 151, 2, 'pendiente', NULL, NULL, NULL),
(768, 151, 4, 'pendiente', NULL, NULL, NULL),
(769, 151, 7, 'pendiente', NULL, NULL, NULL),
(770, 151, 12, 'pendiente', NULL, NULL, NULL),
(771, 151, 13, 'pendiente', NULL, NULL, NULL),
(772, 92, 2, 'pendiente', NULL, NULL, NULL),
(773, 92, 4, 'pendiente', NULL, NULL, NULL),
(774, 92, 7, 'pendiente', NULL, NULL, NULL),
(775, 92, 12, 'pendiente', NULL, NULL, NULL),
(776, 92, 13, 'pendiente', NULL, NULL, NULL),
(777, 141, 2, 'pendiente', NULL, NULL, NULL),
(778, 141, 4, 'pendiente', NULL, NULL, NULL),
(779, 141, 6, 'pendiente', NULL, NULL, NULL),
(780, 141, 7, 'pendiente', NULL, NULL, NULL),
(781, 141, 12, 'pendiente', NULL, NULL, NULL),
(782, 141, 13, 'pendiente', NULL, NULL, NULL),
(783, 75, 2, 'pendiente', NULL, NULL, NULL),
(784, 75, 4, 'pendiente', NULL, NULL, NULL),
(785, 75, 6, 'pendiente', NULL, NULL, NULL),
(786, 75, 7, 'pendiente', NULL, NULL, NULL),
(787, 75, 12, 'pendiente', NULL, NULL, NULL),
(788, 75, 13, 'pendiente', NULL, NULL, NULL),
(789, 147, 2, 'pendiente', NULL, NULL, NULL),
(790, 147, 4, 'pendiente', NULL, NULL, NULL),
(791, 147, 6, 'pendiente', NULL, NULL, NULL),
(792, 147, 7, 'pendiente', NULL, NULL, NULL),
(793, 147, 12, 'pendiente', NULL, NULL, NULL),
(794, 147, 13, 'pendiente', NULL, NULL, NULL);

-- --------------------------------------------------------

--
-- Estructura de tabla para la tabla `confirmando_sacramento`
--

--
-- Volcado de datos para la tabla `confirmando_sacramento`
--

INSERT INTO `confirmando_sacramento` (`id`, `confirmando_id`, `sacramento_id`, `estado`, `created_at`, `updated_at`) VALUES
(109, 93, 1, 'recibido', NULL, NULL),
(110, 93, 2, 'recibido', NULL, NULL),
(111, 93, 3, 'pendiente', NULL, NULL),
(112, 108, 1, 'recibido', NULL, NULL),
(113, 108, 2, 'recibido', NULL, NULL),
(114, 108, 3, 'pendiente', NULL, NULL),
(115, 79, 1, 'recibido', NULL, NULL),
(116, 79, 2, 'recibido', NULL, NULL),
(117, 79, 3, 'pendiente', NULL, NULL),
(118, 80, 1, 'recibido', NULL, NULL),
(119, 80, 2, 'recibido', NULL, NULL),
(120, 80, 3, 'pendiente', NULL, NULL),
(121, 121, 1, 'recibido', NULL, NULL),
(122, 121, 2, 'recibido', NULL, NULL),
(123, 121, 3, 'pendiente', NULL, NULL),
(124, 73, 1, 'recibido', NULL, NULL),
(125, 73, 2, 'pendiente', NULL, NULL),
(126, 73, 3, 'pendiente', NULL, NULL),
(127, 74, 1, 'recibido', NULL, NULL),
(128, 74, 2, 'pendiente', NULL, NULL),
(129, 74, 3, 'pendiente', NULL, NULL),
(130, 129, 1, 'recibido', NULL, NULL),
(131, 129, 2, 'recibido', NULL, NULL),
(132, 129, 3, 'pendiente', NULL, NULL),
(133, 94, 1, 'recibido', NULL, NULL),
(134, 94, 2, 'recibido', NULL, NULL),
(135, 94, 3, 'pendiente', NULL, NULL),
(136, 62, 1, 'recibido', NULL, NULL),
(137, 62, 2, 'pendiente', NULL, NULL),
(138, 62, 3, 'pendiente', NULL, NULL),
(139, 128, 1, 'recibido', NULL, NULL),
(140, 128, 2, 'recibido', NULL, NULL),
(141, 128, 3, 'pendiente', NULL, NULL),
(142, 111, 1, 'recibido', NULL, NULL),
(143, 111, 2, 'pendiente', NULL, NULL),
(144, 111, 3, 'pendiente', NULL, NULL),
(145, 88, 1, 'recibido', NULL, NULL),
(146, 88, 2, 'recibido', NULL, NULL),
(147, 88, 3, 'pendiente', NULL, NULL),
(148, 152, 1, 'recibido', NULL, NULL),
(149, 152, 2, 'recibido', NULL, NULL),
(150, 152, 3, 'pendiente', NULL, NULL),
(151, 139, 1, 'recibido', NULL, NULL),
(152, 139, 2, 'pendiente', NULL, NULL),
(153, 139, 3, 'pendiente', NULL, NULL),
(154, 78, 1, 'recibido', NULL, NULL),
(155, 78, 2, 'recibido', NULL, NULL),
(156, 78, 3, 'pendiente', NULL, NULL),
(157, 95, 1, 'recibido', NULL, NULL),
(158, 95, 2, 'recibido', NULL, NULL),
(159, 95, 3, 'pendiente', NULL, NULL),
(160, 68, 1, 'recibido', NULL, NULL),
(161, 68, 2, 'pendiente', NULL, NULL),
(162, 68, 3, 'pendiente', NULL, NULL),
(163, 81, 1, 'recibido', NULL, NULL),
(164, 81, 2, 'recibido', NULL, NULL),
(165, 81, 3, 'pendiente', NULL, NULL),
(166, 117, 1, 'recibido', NULL, NULL),
(167, 117, 2, 'recibido', NULL, NULL),
(168, 117, 3, 'pendiente', NULL, NULL),
(169, 89, 1, 'recibido', NULL, NULL),
(170, 89, 2, 'recibido', NULL, NULL),
(171, 89, 3, 'pendiente', NULL, NULL),
(172, 130, 1, 'recibido', NULL, NULL),
(173, 130, 2, 'pendiente', NULL, NULL),
(174, 130, 3, 'pendiente', NULL, NULL),
(175, 109, 1, 'recibido', NULL, NULL),
(176, 109, 2, 'recibido', NULL, NULL),
(177, 109, 3, 'pendiente', NULL, NULL),
(178, 115, 1, 'recibido', NULL, NULL),
(179, 115, 2, 'pendiente', NULL, NULL),
(180, 115, 3, 'pendiente', NULL, NULL),
(181, 131, 1, 'recibido', NULL, NULL),
(182, 131, 2, 'recibido', NULL, NULL),
(183, 131, 3, 'pendiente', NULL, NULL),
(184, 76, 1, 'recibido', NULL, NULL),
(185, 76, 2, 'recibido', NULL, NULL),
(186, 76, 3, 'pendiente', NULL, NULL),
(187, 153, 1, 'pendiente', NULL, NULL),
(188, 153, 2, 'pendiente', NULL, NULL),
(189, 153, 3, 'pendiente', NULL, NULL),
(190, 127, 1, 'pendiente', NULL, NULL),
(191, 127, 2, 'pendiente', NULL, NULL),
(192, 127, 3, 'pendiente', NULL, NULL),
(193, 84, 1, 'pendiente', NULL, NULL),
(194, 84, 2, 'pendiente', NULL, NULL),
(195, 84, 3, 'pendiente', NULL, NULL),
(196, 107, 1, 'pendiente', NULL, NULL),
(197, 107, 2, 'pendiente', NULL, NULL),
(198, 107, 3, 'pendiente', NULL, NULL),
(199, 61, 1, 'recibido', NULL, NULL),
(200, 61, 2, 'recibido', NULL, NULL),
(201, 61, 3, 'pendiente', NULL, NULL),
(202, 120, 1, 'recibido', NULL, NULL),
(203, 120, 2, 'recibido', NULL, NULL),
(204, 120, 3, 'pendiente', NULL, NULL),
(205, 98, 1, 'recibido', NULL, NULL),
(206, 98, 2, 'recibido', NULL, NULL),
(207, 98, 3, 'pendiente', NULL, NULL),
(208, 87, 1, 'recibido', NULL, NULL),
(209, 87, 2, 'recibido', NULL, NULL),
(210, 87, 3, 'pendiente', NULL, NULL),
(211, 66, 1, 'pendiente', NULL, NULL),
(212, 66, 2, 'pendiente', NULL, NULL),
(213, 66, 3, 'pendiente', NULL, NULL),
(214, 106, 1, 'recibido', NULL, NULL),
(215, 106, 2, 'recibido', NULL, NULL),
(216, 106, 3, 'pendiente', NULL, NULL),
(217, 90, 1, 'recibido', NULL, NULL),
(218, 90, 2, 'recibido', NULL, NULL),
(219, 90, 3, 'pendiente', NULL, NULL),
(220, 133, 1, 'recibido', NULL, NULL),
(221, 133, 2, 'recibido', NULL, NULL),
(222, 133, 3, 'pendiente', NULL, NULL),
(223, 82, 1, 'pendiente', NULL, NULL),
(224, 82, 2, 'pendiente', NULL, NULL),
(225, 82, 3, 'pendiente', NULL, NULL),
(226, 85, 1, 'recibido', NULL, NULL),
(227, 85, 2, 'recibido', NULL, NULL),
(228, 85, 3, 'pendiente', NULL, NULL),
(229, 118, 1, 'pendiente', NULL, NULL),
(230, 118, 2, 'pendiente', NULL, NULL),
(231, 118, 3, 'pendiente', NULL, NULL),
(232, 123, 1, 'recibido', NULL, NULL),
(233, 123, 2, 'recibido', NULL, NULL),
(234, 123, 3, 'pendiente', NULL, NULL),
(235, 116, 1, 'recibido', NULL, NULL),
(236, 116, 2, 'pendiente', NULL, NULL),
(237, 116, 3, 'pendiente', NULL, NULL),
(238, 64, 1, 'pendiente', NULL, NULL),
(239, 64, 2, 'pendiente', NULL, NULL),
(240, 64, 3, 'pendiente', NULL, NULL),
(241, 142, 1, 'recibido', NULL, NULL),
(242, 142, 2, 'pendiente', NULL, NULL),
(243, 142, 3, 'pendiente', NULL, NULL),
(244, 96, 1, 'recibido', NULL, NULL),
(245, 96, 2, 'recibido', NULL, NULL),
(246, 96, 3, 'pendiente', NULL, NULL),
(247, 104, 1, 'recibido', NULL, NULL),
(248, 104, 2, 'recibido', NULL, NULL),
(249, 104, 3, 'pendiente', NULL, NULL),
(250, 140, 1, 'recibido', NULL, NULL),
(251, 140, 2, 'pendiente', NULL, NULL),
(252, 140, 3, 'pendiente', NULL, NULL),
(253, 70, 1, 'pendiente', NULL, NULL),
(254, 70, 2, 'pendiente', NULL, NULL),
(255, 70, 3, 'pendiente', NULL, NULL),
(256, 86, 1, 'recibido', NULL, NULL),
(257, 86, 2, 'recibido', NULL, NULL),
(258, 86, 3, 'pendiente', NULL, NULL),
(259, 124, 1, 'recibido', NULL, NULL),
(260, 124, 2, 'recibido', NULL, NULL),
(261, 124, 3, 'pendiente', NULL, NULL),
(262, 119, 1, 'recibido', NULL, NULL),
(263, 119, 2, 'pendiente', NULL, NULL),
(264, 119, 3, 'pendiente', NULL, NULL),
(265, 91, 1, 'recibido', NULL, NULL),
(266, 91, 2, 'recibido', NULL, NULL),
(267, 91, 3, 'pendiente', NULL, NULL),
(268, 97, 1, 'recibido', NULL, NULL),
(269, 97, 2, 'pendiente', NULL, NULL),
(270, 97, 3, 'pendiente', NULL, NULL),
(271, 125, 1, 'recibido', NULL, NULL),
(272, 125, 2, 'recibido', NULL, NULL),
(273, 125, 3, 'pendiente', NULL, NULL),
(274, 143, 1, 'recibido', NULL, NULL),
(275, 143, 2, 'recibido', NULL, NULL),
(276, 143, 3, 'pendiente', NULL, NULL),
(277, 77, 1, 'recibido', NULL, NULL),
(278, 77, 2, 'recibido', NULL, NULL),
(279, 77, 3, 'pendiente', NULL, NULL),
(280, 65, 1, 'recibido', NULL, NULL),
(281, 65, 2, 'pendiente', NULL, NULL),
(282, 65, 3, 'pendiente', NULL, NULL),
(283, 67, 1, 'recibido', NULL, NULL),
(284, 67, 2, 'pendiente', NULL, NULL),
(285, 67, 3, 'pendiente', NULL, NULL),
(286, 69, 1, 'recibido', NULL, NULL),
(287, 69, 2, 'recibido', NULL, NULL),
(288, 69, 3, 'pendiente', NULL, NULL),
(289, 148, 1, 'pendiente', NULL, NULL),
(290, 148, 2, 'pendiente', NULL, NULL),
(291, 148, 3, 'pendiente', NULL, NULL),
(292, 114, 1, 'recibido', NULL, NULL),
(293, 114, 2, 'pendiente', NULL, NULL),
(294, 114, 3, 'pendiente', NULL, NULL),
(295, 146, 1, 'recibido', NULL, NULL),
(296, 146, 2, 'recibido', NULL, NULL),
(297, 146, 3, 'pendiente', NULL, NULL),
(298, 149, 1, 'recibido', NULL, NULL),
(299, 149, 2, 'recibido', NULL, NULL),
(300, 149, 3, 'pendiente', NULL, NULL),
(301, 145, 1, 'recibido', NULL, NULL),
(302, 145, 2, 'recibido', NULL, NULL),
(303, 145, 3, 'pendiente', NULL, NULL),
(304, 150, 1, 'recibido', NULL, NULL),
(305, 150, 2, 'recibido', NULL, NULL),
(306, 150, 3, 'pendiente', NULL, NULL),
(307, 151, 1, 'recibido', NULL, NULL),
(308, 151, 2, 'recibido', NULL, NULL),
(309, 151, 3, 'pendiente', NULL, NULL),
(310, 92, 1, 'recibido', NULL, NULL),
(311, 92, 2, 'recibido', NULL, NULL),
(312, 92, 3, 'pendiente', NULL, NULL),
(313, 141, 1, 'recibido', NULL, NULL),
(314, 141, 2, 'pendiente', NULL, NULL),
(315, 141, 3, 'pendiente', NULL, NULL),
(316, 75, 1, 'recibido', NULL, NULL),
(317, 75, 2, 'pendiente', NULL, NULL),
(318, 75, 3, 'pendiente', NULL, NULL),
(319, 147, 1, 'recibido', NULL, NULL),
(320, 147, 2, 'pendiente', NULL, NULL),
(321, 147, 3, 'pendiente', NULL, NULL);

-- --------------------------------------------------------

--
-- Estructura de tabla para la tabla `failed_jobs`
--
-----------------------------------

--
-- Estructura de tabla para la tabla `grupos`
--

--
-- Volcado de datos para la tabla `grupos`
--

INSERT INTO `grupos` (`id`, `nombre`, `periodo`, `color`, `created_at`, `updated_at`) VALUES
(7, 'San Carlo Acutis', '2026', '#ff0505', '2026-04-16 16:53:11', '2026-04-16 22:48:52'),
(8, 'Beata Chiara Corbella', '2026', '#13f426', '2026-04-16 16:53:11', '2026-04-16 22:55:03'),
(9, 'San Pier Giorgio Frassati', '2026', '#4b6feb', '2026-04-16 16:53:11', '2026-04-16 23:00:40'),
(10, 'Santo Domingo Savio', '2026', '#ffbb00', '2026-04-16 16:53:11', '2026-04-16 22:52:15'),
(11, 'San Francisco Javier', '2026', '#9b06fe', '2026-04-16 16:53:11', '2026-04-19 00:20:07'),
(12, 'Beata Laura Vicuña', '2026', '#2563eb', '2026-04-18 15:23:35', '2026-04-18 15:23:35');

-- --------------------------------------------------------

--
-- Estructura de tabla para la tabla `jobs`
--

-- --------------------------------------------------------

--
-- Estructura de tabla para la tabla `job_batches`
--

--
-- Volcado de datos para la tabla `model_has_roles`
--

INSERT INTO `model_has_roles` (`role_id`, `model_type`, `model_id`) VALUES
(1, 'App\\Models\\User', 1),
(2, 'App\\Models\\User', 2),
(3, 'App\\Models\\User', 4),
(3, 'App\\Models\\User', 5),
(3, 'App\\Models\\User', 9),
(3, 'App\\Models\\User', 10),
(3, 'App\\Models\\User', 11),
(3, 'App\\Models\\User', 12),
(3, 'App\\Models\\User', 13),
(3, 'App\\Models\\User', 14),
(3, 'App\\Models\\User', 15),
(3, 'App\\Models\\User', 16),
(3, 'App\\Models\\User', 17),
(3, 'App\\Models\\User', 18),
(3, 'App\\Models\\User', 19),
(3, 'App\\Models\\User', 20);

-- --------------------------------------------------------


--
-- Volcado de datos para la tabla `oauth_access_tokens`
--

INSERT INTO `oauth_access_tokens` (`id`, `user_id`, `client_id`, `name`, `scopes`, `revoked`, `created_at`, `updated_at`, `expires_at`) VALUES
('019f57588cd5cbf1b4353352d61b809f0d0694e746f159923d0ac4f014f3dd1062c25787310a63be', 2, '019b0902-1f0b-71f8-bb80-080e6fd071d1', 'API Token', '[]', 0, '2026-04-07 23:19:15', '2026-04-07 23:19:15', '2027-04-07 23:19:15'),
('2c4cd8cdc2a69a901a9a27c8c5e97dc2159673fdd4ef8854bf2c522eb924e0bbf8213af049d474eb', 11, '019b0902-1f0b-71f8-bb80-080e6fd071d1', 'API Token', '[]', 0, '2026-04-21 12:13:11', '2026-04-21 12:13:11', '2027-04-21 12:13:11'),
('338b134bc244ddeebd396e41cfc858ea8144ea679af8fc8f58ee1f9a3756c8a55a9bec3be253101a', 6, '019b0902-1f0b-71f8-bb80-080e6fd071d1', 'API Token', '[]', 0, '2026-01-27 13:39:24', '2026-01-27 13:39:24', '2027-01-27 13:39:24'),
('42d2b74a230725cc895c182caa610f3090863746178f53356074fbdb4aec99377ae861728b13ab97', 11, '019b0902-1f0b-71f8-bb80-080e6fd071d1', 'API Token', '[]', 0, '2026-04-20 17:52:36', '2026-04-20 17:52:36', '2027-04-20 17:52:36'),
('54857641ea0b8f9084341ce82bee2f4b7a30161dfd83671cf25cfce396e2bf2573fe8829b3046b9e', 3, '019b0902-1f0b-71f8-bb80-080e6fd071d1', 'API Token', '[]', 0, '2025-12-16 08:47:59', '2025-12-16 08:47:59', '2026-12-16 08:47:59'),
('556f0f10f88cb75c713c37b6020ddf3b7f1b0d74ed2d41e5b05b21e021473fd3687a411e373fd8ea', 2, '019b0902-1f0b-71f8-bb80-080e6fd071d1', 'API Token', '[]', 0, '2026-04-07 23:16:48', '2026-04-07 23:16:48', '2027-04-07 23:16:48'),
('b22f431bb17344930bb32862b2e3bcac483f56b7acd5a895a876bd1d312251b9f215c76230addbb6', 6, '019b0902-1f0b-71f8-bb80-080e6fd071d1', 'API Token', '[]', 0, '2026-01-27 13:54:52', '2026-01-27 13:54:52', '2027-01-27 13:54:52'),
('d1736d5a04274a9f8ef6c202c78254176010fcdaac75f80a921f879b451b3ac3f5dd0a09489870ff', 1, '019b0902-1f0b-71f8-bb80-080e6fd071d1', 'API Token', '[]', 0, '2026-04-20 17:20:50', '2026-04-20 17:20:50', '2027-04-20 17:20:50'),
('dcd6a3153b57f8f4aa26de28ba8cf94b4b66326eaa0d17b2f6ae68a90a19d7d2b94a3cdd0a020927', 3, '019b0902-1f0b-71f8-bb80-080e6fd071d1', 'API Token', '[]', 0, '2026-01-27 14:33:49', '2026-01-27 14:33:49', '2027-01-27 14:33:49'),
('e1e6d47686d3a65a402e81f059e8550a89f7542dca41ea410e7b67bfd606e86815d74f44ad3f3c61', 3, '019b0902-1f0b-71f8-bb80-080e6fd071d1', 'API Token', '[]', 0, '2025-12-16 10:05:12', '2025-12-16 10:05:12', '2026-12-16 10:05:12');

-- Volcado de datos para la tabla `oauth_clients`
--

INSERT INTO `oauth_clients` (`id`, `owner_type`, `owner_id`, `name`, `secret`, `provider`, `redirect_uris`, `grant_types`, `revoked`, `created_at`, `updated_at`) VALUES
('019b0902-1f0b-71f8-bb80-080e6fd071d1', NULL, NULL, 'Laravel', '$2y$12$tZUyqVjOWDN8/k0huRSUL.YKFxAZxfaeTDCwbnsvFmDaokQSgV.YG', 'users', '[]', '[\"personal_access\"]', 0, '2025-12-10 11:04:52', '2025-12-10 11:04:52');


INSERT INTO `permissions` (`id`, `name`, `guard_name`, `created_at`, `updated_at`) VALUES
(1, 'ver dashboard', 'api', '2025-12-10 11:04:13', '2025-12-10 11:04:13'),
(2, 'ver usuarios', 'api', '2025-12-10 11:04:13', '2025-12-10 11:04:13'),
(3, 'crear usuarios', 'api', '2025-12-10 11:04:13', '2025-12-10 11:04:13'),
(4, 'editar usuarios', 'api', '2025-12-10 11:04:13', '2025-12-10 11:04:13'),
(5, 'eliminar usuarios', 'api', '2025-12-10 11:04:13', '2025-12-10 11:04:13'),
(6, 'ver roles', 'api', '2025-12-10 11:04:13', '2025-12-10 11:04:13'),
(7, 'crear roles', 'api', '2025-12-10 11:04:13', '2025-12-10 11:04:13'),
(8, 'editar roles', 'api', '2025-12-10 11:04:13', '2025-12-10 11:04:13'),
(9, 'eliminar roles', 'api', '2025-12-10 11:04:13', '2025-12-10 11:04:13'),
(10, 'ver permisos', 'api', '2025-12-10 11:04:13', '2025-12-10 11:04:13'),
(11, 'asignar permisos', 'api', '2025-12-10 11:04:13', '2025-12-10 11:04:13'),
(12, 'ver grupos', 'api', '2025-12-10 11:04:13', '2025-12-10 11:04:13'),
(13, 'ver todos los grupos', 'api', '2025-12-10 11:04:13', '2025-12-10 11:04:13'),
(14, 'crear grupos', 'api', '2025-12-10 11:04:13', '2025-12-10 11:04:13'),
(15, 'editar grupos', 'api', '2025-12-10 11:04:13', '2025-12-10 11:04:13'),
(16, 'eliminar grupos', 'api', '2025-12-10 11:04:13', '2025-12-10 11:04:13'),
(17, 'asignar catequista', 'api', '2025-12-10 11:04:13', '2025-12-10 11:04:13'),
(18, 'ver catequistas', 'api', '2025-12-10 11:04:13', '2025-12-10 11:04:13'),
(19, 'asignar confirmandos', 'api', '2025-12-10 11:04:13', '2025-12-10 11:04:13'),
(20, 'ver confirmandos', 'api', '2025-12-10 11:04:13', '2025-12-10 11:04:13'),
(21, 'ver todos los confirmandos', 'api', '2025-12-10 11:04:13', '2025-12-10 11:04:13'),
(22, 'crear confirmandos', 'api', '2025-12-10 11:04:13', '2025-12-10 11:04:13'),
(23, 'editar confirmandos', 'api', '2025-12-10 11:04:13', '2025-12-10 11:04:13'),
(24, 'eliminar confirmandos', 'api', '2025-12-10 11:04:13', '2025-12-10 11:04:13'),
(25, 'ver cronograma', 'api', '2025-12-10 11:04:13', '2025-12-10 11:04:13'),
(26, 'crear cronograma', 'api', '2025-12-10 11:04:13', '2025-12-10 11:04:13'),
(27, 'editar cronograma', 'api', '2025-12-10 11:04:13', '2025-12-10 11:04:13'),
(28, 'eliminar cronograma', 'api', '2025-12-10 11:04:13', '2025-12-10 11:04:13'),
(29, 'ver asistencias', 'api', '2025-12-10 11:04:13', '2025-12-10 11:04:13'),
(30, 'crear asistencias', 'api', '2025-12-10 11:04:13', '2025-12-10 11:04:13'),
(31, 'editar asistencias', 'api', '2025-12-10 11:04:13', '2025-12-10 11:04:13'),
(32, 'guardar asistencias', 'api', '2025-12-10 11:04:13', '2025-12-10 11:04:13'),
(33, 'ver todas las asistencias', 'api', '2025-12-10 11:04:13', '2025-12-10 11:04:13'),
(34, 'ver sacramentos', 'api', '2025-12-10 11:04:13', '2025-12-10 11:04:13'),
(35, 'ver todos los sacramentos', 'api', '2025-12-10 11:04:14', '2025-12-10 11:04:14'),
(36, 'crear sacramentos', 'api', '2025-12-10 11:04:14', '2025-12-10 11:04:14'),
(37, 'editar sacramentos', 'api', '2025-12-10 11:04:14', '2025-12-10 11:04:14'),
(38, 'eliminar sacramentos', 'api', '2025-12-10 11:04:14', '2025-12-10 11:04:14'),
(39, 'ver requisitos', 'api', '2025-12-10 11:04:14', '2025-12-10 11:04:14'),
(40, 'ver todos los requisitos', 'api', '2025-12-10 11:04:14', '2025-12-10 11:04:14'),
(41, 'editar requisitos', 'api', '2025-12-10 11:04:14', '2025-12-10 11:04:14'),
(42, 'crear requisitos', 'api', '2025-12-10 11:04:14', '2025-12-10 11:04:14'),
(43, 'eliminar requisitos', 'api', '2025-12-10 11:04:14', '2025-12-10 11:04:14'),
(44, 'validar requisitos', 'api', '2025-12-10 11:04:14', '2025-12-10 11:04:14'),
(45, 'generar reportes', 'api', '2025-12-10 11:04:14', '2025-12-10 11:04:14'),
(46, 'exportar reportes', 'api', '2025-12-10 11:04:14', '2025-12-10 11:04:14'),
(47, 'ver mantenimiento', 'api', '2025-12-10 11:04:14', '2025-12-10 11:04:14'),
(48, 'crear respaldo', 'api', '2025-12-10 11:04:14', '2025-12-10 11:04:14'),
(49, 'restaurar respaldo', 'api', '2025-12-10 11:04:14', '2025-12-10 11:04:14');


-- Volcado de datos para la tabla `requisitos`
--

INSERT INTO `requisitos` (`id`, `nombre`, `created_at`, `updated_at`) VALUES
(1, 'Acta de nacimiento del confirmando', '2025-12-10 11:04:16', '2025-12-10 11:04:16'),
(2, 'Copia de DNI del confirmando', '2025-12-10 11:04:16', '2025-12-10 11:04:16'),
(3, 'Copia de DNI de los apoderados', '2025-12-10 11:04:16', '2025-12-10 11:04:16'),
(4, 'Partida de Bautismo', '2025-12-10 11:04:16', '2025-12-10 11:04:16'),
(5, 'Estipendio por Bautismo', '2025-12-10 11:04:16', '2025-12-10 11:04:16'),
(6, 'Estipendio por Primera Comunión', '2025-12-10 11:04:16', '2025-12-10 11:04:16'),
(7, 'Estipendio por Confirmación', '2025-12-10 11:04:16', '2025-12-10 11:04:16'),
(8, 'Constancia de Confirmación o Matrimonio del Padrino', '2025-12-10 11:04:16', '2025-12-10 11:04:16'),
(9, 'Constancia de Confirmación o Matrimonio de la Madrina', '2025-12-10 11:04:16', '2025-12-10 11:04:16'),
(10, 'Copia de DNI del Padrino', '2025-12-10 11:04:16', '2025-12-10 11:04:16'),
(11, 'Copia de DNI de la Madrina', '2025-12-10 11:04:16', '2025-12-10 11:04:16'),
(12, 'Constancia de Confirmación o Matrimonio del Padrino/Madrina', '2025-12-10 11:04:16', '2025-12-10 11:04:16'),
(13, 'Copia de DNI del Padrino/Madrina', '2025-12-10 11:04:16', '2025-12-10 11:04:16');



INSERT INTO `reunions` (`id`, `nombre_tema`, `fecha`, `descripcion`, `tipo`, `created_at`, `updated_at`) VALUES
(14, 'INICIO DEL PROGRAMA', '2026-04-19 10:00:00', 'Liturgia y socialización de las normas y forma a desarrollar el programa de catequesis de confirmación', 'Confirmandos', '2026-04-18 23:47:03', '2026-04-18 23:54:39'),
(16, 'PREVIA INICIO PROGRAMA', '2026-04-18 16:00:00', 'Distribución de grupos, explicación del desarrollo del programa y establecimiento de roles para la liturgia por el inicio del programa', 'Catequistas', '2026-04-18 23:58:41', '2026-04-18 23:58:41'),
(17, 'INICIO DEL PROGRAMA', '2026-04-19 10:00:00', 'Socialización de los compromisos y forma a desarrollarse del programa', 'Apoderados', '2026-04-18 23:59:33', '2026-04-18 23:59:33');

-- --------------------------------------------------------

--
-- Estructura de tabla para la tabla `reunion_user`
INSERT INTO `roles` (`id`, `name`, `guard_name`, `created_at`, `updated_at`) VALUES
(1, 'super-admin', 'api', '2025-12-10 11:04:14', '2025-12-10 11:04:14'),
(2, 'coordinador', 'api', '2025-12-10 11:04:14', '2025-12-10 11:04:14'),
(3, 'catequista', 'api', '2025-12-10 11:04:14', '2025-12-10 11:04:14');

-- --------------------------------------------------------

--
--
-- Volcado de datos para la tabla `role_has_permissions`
--

INSERT INTO `role_has_permissions` (`permission_id`, `role_id`) VALUES
(1, 1),
(2, 1),
(3, 1),
(4, 1),
(5, 1),
(6, 1),
(7, 1),
(8, 1),
(9, 1),
(10, 1),
(11, 1),
(12, 1),
(13, 1),
(14, 1),
(15, 1),
(16, 1),
(17, 1),
(18, 1),
(19, 1),
(20, 1),
(21, 1),
(22, 1),
(23, 1),
(24, 1),
(25, 1),
(26, 1),
(27, 1),
(28, 1),
(29, 1),
(30, 1),
(31, 1),
(32, 1),
(33, 1),
(34, 1),
(35, 1),
(36, 1),
(37, 1),
(38, 1),
(39, 1),
(40, 1),
(41, 1),
(42, 1),
(43, 1),
(44, 1),
(45, 1),
(46, 1),
(47, 1),
(48, 1),
(49, 1),
(1, 2),
(2, 2),
(12, 2),
(13, 2),
(14, 2),
(15, 2),
(16, 2),
(17, 2),
(19, 2),
(20, 2),
(21, 2),
(22, 2),
(23, 2),
(24, 2),
(25, 2),
(26, 2),
(27, 2),
(28, 2),
(29, 2),
(31, 2),
(33, 2),
(34, 2),
(35, 2),
(36, 2),
(37, 2),
(38, 2),
(39, 2),
(40, 2),
(41, 2),
(42, 2),
(43, 2),
(44, 2),
(45, 2),
(46, 2),
(1, 3),
(12, 3),
(18, 3),
(20, 3),
(25, 3),
(29, 3),
(32, 3),
(39, 3);


--
-- Volcado de datos para la tabla `sacramentos`
--

INSERT INTO `sacramentos` (`id`, `nombre`, `created_at`, `updated_at`) VALUES
(1, 'Bautismo', '2025-12-10 11:04:16', '2025-12-10 11:04:16'),
(2, 'Primera Comunión', '2025-12-10 11:04:16', '2025-12-10 11:04:16'),
(3, 'Confirmación', '2025-12-10 11:04:16', '2025-12-10 11:04:16');

INSERT INTO `sacramento_requisito` (`id`, `sacramento_id`, `requisito_id`, `created_at`, `updated_at`) VALUES
(1, 1, 1, NULL, NULL),
(2, 1, 2, NULL, NULL),
(3, 1, 3, NULL, NULL),
(4, 1, 5, NULL, NULL),
(5, 1, 6, NULL, NULL),
(6, 1, 7, NULL, NULL),
(7, 1, 8, NULL, NULL),
(8, 1, 10, NULL, NULL),
(9, 1, 9, NULL, NULL),
(10, 1, 11, NULL, NULL),
(11, 2, 4, NULL, NULL),
(12, 2, 2, NULL, NULL),
(13, 2, 6, NULL, NULL),
(14, 2, 7, NULL, NULL),
(15, 3, 4, NULL, NULL),
(17, 3, 7, NULL, NULL),
(19, 3, 13, NULL, NULL),
(21, 3, 2, NULL, NULL),
(22, 3, 12, NULL, NULL);

-- --------------------------------------------------------
INSERT INTO `sessions` (`id`, `user_id`, `ip_address`, `user_agent`, `payload`, `last_activity`) VALUES
('yEOlmtUcL38a3OdZ2369FJndqrLLXojJh8h0RkFq', NULL, '127.0.0.1', 'Mozilla/5.0 (Windows NT 10.0; Win64; x64) AppleWebKit/537.36 (KHTML, like Gecko) Chrome/143.0.0.0 Safari/537.36', 'YTozOntzOjY6Il90b2tlbiI7czo0MDoieldUeU10eWFFRzNJNXZKMmNycEdROEVZWUxOZmJuek9wNkp2SnpoMyI7czo5OiJfcHJldmlvdXMiO2E6MTp7czozOiJ1cmwiO3M6MzU6Imh0dHBzOi8vc2lzdGVtYWNvbmZpcm1hY2lvbmFwaS50ZXN0Ijt9czo2OiJfZmxhc2giO2E6Mjp7czozOiJvbGQiO2E6MDp7fXM6MzoibmV3IjthOjA6e319fQ==', 1765893845);


-- Volcado de datos para la tabla `tipo_apoderados`
--

INSERT INTO `tipo_apoderados` (`id`, `nombre`, `created_at`, `updated_at`) VALUES
(1, 'Padre', '2025-12-10 11:04:15', '2025-12-10 11:04:15'),
(2, 'Madre', '2025-12-10 11:04:15', '2025-12-10 11:04:15'),
(3, 'Tutor Legal', '2025-12-10 11:04:15', '2025-12-10 11:04:15');

-- --------------------------------------------------------

INSERT INTO `users` (`id`, `dni`, `grupo_id`, `name`, `celular`, `email`, `fecha_nacimiento`, `email_verified_at`, `password`, `remember_token`, `created_at`, `updated_at`) VALUES
(1, '72917370', NULL, 'Admin User', NULL, 'admin@admin.com', '2004-05-27', NULL, '$2y$12$0sn6m.kUc1wy62FDnfoK3ODeWUNn1Inxtn9NyMojZKkVSET209iZC', NULL, '2025-12-10 11:04:14', '2025-12-10 11:04:14'),
(2, '72917371', NULL, 'Cristopher Andre Carrasco Crisanto', NULL, 'coordinador@test.com', '2004-05-27', NULL, '$2y$12$Vqdj4PzqhB9Z9T6isoBKy.1.x38D.Vz1dfqdcaCgwVqk9vBRb.MCC', NULL, '2025-12-10 11:04:14', '2026-04-19 00:06:09'),
(4, '95376150', 9, 'Branko Domenick de Jesús Cardoza Guerrero', NULL, 'Domenick@test.com', '2001-04-02', NULL, '$2y$12$evugwXd4BAAMJuP8q/WGf.4g51ZnRg7rs48Rfu7P4yWWFFNbiPXKG', NULL, '2025-12-10 11:04:15', '2026-04-19 00:19:11'),
(5, '99548191', NULL, 'José Fidel Requena Córdoba', NULL, 'Requena@test.com', '1991-11-17', NULL, '$2y$12$TeLeJ8TQ7qm/yEKUBeuYsuUGn9JNxWTvpVLu7ndcompFuq9GoZaVi', NULL, '2025-12-10 11:04:15', '2026-04-18 23:28:38'),
(9, '95564554', 12, 'Carmen Dorita Peña Trelles', '955645549', 'dorita@test.com', '2010-07-26', NULL, '$2y$12$EXZqq2FcJKjYay2D3gNyXu/4fairSQjCL9u/vMVIJ3QiHSdRsts0S', NULL, '2026-04-18 23:29:33', '2026-04-19 00:18:15'),
(10, '94308017', 12, 'Alexandra de los Ángeles Guerrero Moreto', '943080172', 'alexandra@test.com', '2011-02-06', NULL, '$2y$12$.1TQ8mn3H0jnGtPR6.wL2ecp/n6M1NQAOURA7OPQmu/yuwZ5gWRTm', NULL, '2026-04-18 23:30:25', '2026-04-19 00:18:15'),
(11, '92282423', 10, 'Marita Isabel Trelles Sandoval', '922824231', 'marita@test.com', '2008-12-27', NULL, '$2y$12$vHlrnzS2WcIys0YuCpig8.hlgAGbGHlKONPgizznKi.8/m5ucJcYK', NULL, '2026-04-18 23:31:47', '2026-04-19 00:19:27'),
(12, '95786927', 10, 'Jaime Rolando Ramirez Gallo', '957869271', 'jaime@test.com', '1999-05-02', NULL, '$2y$12$mgAsweG1TqNgi73Wyri6P.9iXTCRd1d32/.UqRS8Fyj4U86CJWu86', NULL, '2026-04-18 23:32:35', '2026-04-19 00:19:27'),
(13, '93072120', 7, 'Karol Mirella Carrasco Zuñiga', '930721205', 'karol@test.com', '1997-03-30', NULL, '$2y$12$NPi/3LOElRg5havRjFsEZOl1hJWsUuycJc/LgSEp0iISBZIaVrdZW', NULL, '2026-04-18 23:33:23', '2026-04-19 00:18:36'),
(14, '95292186', 7, 'Tatiana Estefhany Laban Trelles', '952921861', 'tatiana@test.com', '2007-12-21', NULL, '$2y$12$jNYPjjzFpDBsdENIE33nuevt6w0t1RoQlnBR83pnCcf0PxT///dhi', NULL, '2026-04-18 23:34:11', '2026-04-19 00:18:36'),
(15, '96316442', 9, 'Eduardo Valentino Castillo Facundo', '963164423', 'valentino@test.com', '2011-02-18', NULL, '$2y$12$prjlK3VYGozJksEXkFlIJ.gF/YNKh9RR57caoYjNtKJKGwIl13hcu', NULL, '2026-04-18 23:35:30', '2026-04-19 00:19:11'),
(16, '90194108', 8, 'Yakory Adanely Facundo Alvarado', '901941085', 'yakory@test.com', '2008-04-09', NULL, '$2y$12$WhJHByj8i3JvU/hOfmQiPufQINf5yyLywaF.9SFtVGq8D8c3nf9hS', NULL, '2026-04-19 00:01:13', '2026-04-19 00:18:51'),
(17, '93334552', 11, 'Rosa Elizabeth Giron Meca', '933345529', 'rosita@test.com', '2001-08-30', NULL, '$2y$12$YWPdWB2cJDDcHaKRY1cvLO6bMqLudPl5LnLxWR/Dh6wqvQ9HFc7ou', NULL, '2026-04-19 00:02:03', '2026-04-19 00:20:18'),
(18, '91066223', 12, 'Juan Jimmys Coras Cruz', '910662236', 'jimmys@test.com', '2010-01-26', NULL, '$2y$12$dBArQp2SlOsLfVWkqU8J0OjF3.OsOqko3eFJOpsxn0WiVtYEBRZz.', NULL, '2026-04-19 00:02:59', '2026-04-19 00:18:15'),
(19, '92812372', 11, 'Adriana Valery Gonzales Alvarado', '928123724', 'adriana@test.com', '2008-10-06', NULL, '$2y$12$qhgKQvo4mBJFO47UIvBfxO3d4AMNoYImLpXyzRIPM1OhkJATFGpDy', NULL, '2026-04-19 00:04:21', '2026-04-19 00:20:18'),
(20, '97429628', NULL, 'Cesar Alfonso Ruyn Curay', '974296281', 'cesar@test.com', '1993-07-25', NULL, '$2y$12$IXV0irZdfNOpe1E8r4tPveSc5SKp5FouLjmZ2BSGkA8JwUSHiaGtK', NULL, '2026-04-19 00:05:26', '2026-04-19 00:05:26');

SET FOREIGN_KEY_CHECKS=1;

/*!40101 SET CHARACTER_SET_CLIENT=@OLD_CHARACTER_SET_CLIENT */;
/*!40101 SET CHARACTER_SET_RESULTS=@OLD_CHARACTER_SET_RESULTS */;
/*!40101 SET COLLATION_CONNECTION=@OLD_COLLATION_CONNECTION */;
